AC_POWER_REAL,AC_POWER_PREDICTED,RESIDUAL,IS_ANOMALY,IRRADIATION,AMBIENT_TEMPERATURE,MODULE_TEMPERATURE
1193.628571,1150.3813392800005,43.24723171999949,False,0.97148052,27.86127913333333,52.84501126666667
0.0,0.0,0.0,False,0.0,22.700738533333336,20.3067446
834.225,868.948910712,34.72391071200002,False,0.717151316,26.793420266666665,47.4213378
0.0,0.0,0.0,False,0.0,23.238674,21.1259462
535.55,531.6847142899998,3.865285710000194,False,0.410816618,25.405088333333328,37.028379066666666
515.5571429,475.70861309699967,39.84852980300036,False,0.3711218493333333,24.408231533333336,34.40989966666667
0.0,0.0,0.0,False,0.0,22.799922733333336,20.528210533333333
390.6571429,457.78800001700023,67.13085711700023,False,0.3612557564285714,32.97901057142858,49.883756
0.0,0.0,0.0,False,0.0,21.7592834,19.943420266666667
0.0,0.0,0.0,False,0.0,24.926983600000003,22.3128926
665.5714286,633.1223392860005,32.44908931399948,False,0.4960136759999999,26.57368573333333,40.655814933333325
0.0,0.0,0.0,False,0.0,21.25834353333333,20.346830266666668
589.5714286,588.1538571420002,1.4175714579997702,False,0.4526467746666667,27.04379893333333,40.5363764
908.475,788.2979107149997,120.1770892850003,False,0.6554787686666667,32.7693424,47.220991733333335
0.0,0.0,0.0,False,0.0,23.185095266666664,21.173158933333333
0.0,0.0,0.0,False,0.0,22.406974266666666,21.0984478
568.45,484.96567856499985,83.4843214350002,False,0.3929380471428571,25.35791885714286,35.92258564285714
387.4285714,403.92394644100017,16.49537504100016,False,0.3050666364285714,24.27014585714286,31.983365928571427
1145.471429,1052.848732224999,92.62269677500103,False,0.856888655,31.08613807142857,57.58173707142858
0.0,0.0,0.0,False,0.0,22.69196986666667,20.668831466666663
810.475,836.5564999980002,26.08149999800014,False,0.67195934,27.677307066666668,46.2067344
0.0,0.0,0.0,False,0.0,21.234995533333333,19.2844768
0.0,0.0,0.0,False,0.0,21.943217000000004,19.759975333333333
1129.1875,986.9334107179993,142.25408928200068,False,0.8011804564285713,32.15694978571428,58.43889107142857
821.5285714,803.423160709,18.10541069100009,False,0.6625689086666668,27.272131400000003,46.693650133333335
892.575,779.9594642879993,112.61553571200079,False,0.6598271179999999,34.147082733333335,47.63582766666666
0.0,0.0,0.0,False,0.0,23.20092335714285,20.7300525
632.325,606.125732148,26.199267852000048,False,0.4847505873333333,25.1295838,39.552423133333335
0.0,0.0,0.0,False,0.0009824882666666,21.082100399999995,18.921358066666667
0.0,0.0,0.0,False,0.0,21.1515158,19.529553
0.0,0.0,0.0,False,0.0,24.3519308,21.78364253333333
0.0,0.0,0.0,False,0.0,25.61655473333333,22.952588
359.2428571,369.8728035859999,10.629946485999938,False,0.2670940773333334,25.312744200000004,32.38037546666667
0.0,0.0,0.0,False,0.0,23.182796133333337,20.5698486
0.0,0.0,0.0,False,0.0,21.3732096,20.504990666666664
488.9857143,655.9649345170006,166.97922021700066,False,0.466744864,30.51236366666667,42.5576074
0.0,0.0,0.0,False,0.0,24.39256806666667,22.2029236
0.0,0.0,0.0,False,0.0,23.135550933333327,20.27771806666667
0.0,0.0,0.0,False,0.0,23.623785466666668,20.635243733333333
0.0,0.0,0.0,False,0.0,25.569374466666662,24.1769226
124.4857143,117.51039643499996,6.9753178650000365,False,0.0945128417142857,27.601739071428568,29.47836742857143
0.0,0.0,0.0,False,0.0,23.949184266666663,22.594362466666663
0.0,0.0,0.0,False,0.0,23.86289053333333,22.984142933333327
567.2285714,540.5831964249996,26.645374975000323,False,0.4242669086666667,28.490726733333336,39.98254813333334
0.0,0.0,0.0,False,0.0,24.327402866666667,21.633982266666667
0.0,0.0,0.0,False,0.0,22.129815666666666,21.38902386666667
928.125,877.943874998,50.181125002000044,False,0.7504526286666667,28.559281400000003,48.776688333333325
664.8714286,674.6239285760004,9.752499976000422,False,0.5404251285714285,30.376898714285712,48.67528185714285
0.0,0.0,0.0,False,0.0,25.57697573333333,24.296307333333328
813.0,789.3212321440002,23.67876785599981,False,0.5986946806666666,27.928853400000005,48.67373446666666
0.0,0.0,0.0,False,0.0,21.89991073333333,20.712640333333333
0.0,0.0,0.0,False,0.0,21.6098348,19.668430666666666
0.0,0.0,0.0,False,0.0,24.54298286666667,23.092030733333328
203.1142857,190.369571405,12.744714295000023,False,0.1544666584,26.0342224,30.358787133333337
0.0,0.0,0.0,False,0.0,23.268082733333333,21.781003666666667
0.0,0.0,0.0,False,0.000166865986,21.9093404,20.571130533333328
0.0,0.0,0.0,False,0.0,21.127661266666664,20.065865
507.6571429,422.96817857400026,84.68896432599973,False,0.3453362106666667,27.406433066666665,36.756546933333325
0.0,0.0,0.0,False,0.0,25.53364046666667,23.554854333333328
222.2,215.3128035749999,6.8871964250000985,False,0.1673700179999999,26.02376913333333,30.4908548
161.4,153.49600000599995,7.90399999400006,False,0.1104082978666666,23.763322,27.507177666666667
0.0,0.0,0.0,False,0.0,23.664009666666665,21.192350066666663
0.0,0.0,0.0,False,0.0,22.250954266666668,20.80826
0.0,0.0,0.0,False,0.0,23.265284928571425,21.255172642857147
0.0,0.0,0.0,False,0.0,23.213891600000004,21.4639018
0.0,0.0,0.0,False,0.0,25.8602378,24.0412028
660.025,574.5410535710001,85.48394642899984,False,0.4304919446666666,26.519590333333333,37.54320873333334
0.0,0.0,0.0,False,0.0,23.456994428571427,21.577333857142857
635.1714286,830.8302500010001,195.65882140100007,True,0.6735253459999999,31.263549933333337,50.6611794
668.725,805.9170892910006,137.19208929100057,False,0.6365608813333332,29.410819333333336,47.68545339999999
0.0,0.0,0.0,False,0.0,22.113940533333327,20.84771533333333
0.0,0.0,0.0,False,0.0,22.470717400000005,19.818194466666668
0.0,0.0,0.0,False,0.0,22.8157798,20.72792366666667
13.18571429,11.268571428540003,1.9171428614599968,False,0.0115848330599999,21.87074993333333,20.6757548
678.625,738.1242321330002,59.49923213300019,False,0.5205082880000002,26.137734,41.55750153333333
557.4,546.9649464220003,10.435053577999724,False,0.423195788,26.7497132,34.74134893333333
1011.885714,882.3465892879998,129.53912471200022,False,0.7235343293333333,29.207837,53.292307533333336
7.271428571,5.841928571499999,1.4294999995000017,False,0.0070536268133333,25.386586466666667,24.1691102
0.0,0.0,0.0,False,0.0,22.2262044,20.8927876
0.0,0.0,0.0,False,0.0,22.660235666666665,20.99209193333333
152.0375,149.49646428399998,2.5410357160000103,False,0.1109690122,26.434037266666667,29.21453033333333
194.55,183.714232156,10.835767844000003,False,0.1415173426666666,27.7056072,32.5780582
969.1714286,897.440839302,71.73058929800004,False,0.7001748986666666,29.028007,47.83913766666667
0.0,0.0,0.0,False,0.0,23.44495271428572,22.455490071428567
0.0,0.0,0.0,False,0.0,23.1708048,21.03197846666667
0.0,0.0,0.0,False,0.0,24.734248933333333,22.05540973333333
0.0,0.0,0.0,False,0.0,23.247796666666662,21.252518866666662
0.0,0.0,0.0,False,0.0,22.207804266666663,19.5121276
0.0,0.0,0.0,False,0.0,23.92025353333333,23.285941533333336
0.0,0.0,0.0,False,0.0,22.654924857142856,20.882272
479.5285714,513.7397678640003,34.21119646400035,False,0.3971458206666666,29.8809834,40.778582533333335
1007.5,888.2395178630006,119.26048213699937,False,0.7908823293333332,27.777927533333337,47.3377034
0.0,0.0,0.0,False,0.0003286336506666,23.2004924,22.072212666666665
0.0,0.0,0.0,False,0.0,22.5443968,21.4435628
887.3428571,571.9321964239998,315.41066067600013,True,0.5838647386666667,31.617256666666663,49.747872
374.6125,381.68926785700006,7.07676785700005,False,0.3035469626666667,32.72574673333334,39.121545600000005
0.0,0.0,0.0,False,0.0,27.137475466666665,25.587719733333333
47.81428571,48.58933928560002,0.775053575600019,False,0.0388465545,26.430651071428567,27.618528142857144
663.2285714,819.397571431,156.169000031,False,0.63148828,28.183992466666663,47.58702806666666
716.3375,597.6411071369995,118.69639286300048,False,0.5834999766666668,29.7998332,51.68366739999999
13.8,11.685124999940001,2.1148750000599996,False,0.0112265629133333,21.6234394,19.321281066666668
875.2142857,883.1075178530003,7.893232153000326,False,0.7102237526666668,31.104663,49.31515293333333
297.8,339.57805356799986,41.77805356799985,False,0.2542998135714285,25.215722142857143,29.4314075
0.0,0.0,0.0,False,0.0,23.4763204,22.651540133333327
0.0,0.0,0.0,False,0.0,23.223148533333337,21.49751793333333
0.0,0.0,0.0,False,0.0,21.7093078,20.37031453333333
0.0,0.0,0.0,False,0.0,22.946915466666667,20.55419913333333
0.0,0.0,0.0,False,0.0,23.68221646666667,21.54895426666667
0.0,0.0,0.0,False,0.0,22.549147400000003,21.070228933333333
0.0,0.0,0.0,False,0.0,21.25261846666667,19.653346666666668
830.4428571,776.2666785990001,54.17617850099987,False,1.016641412,29.58492026666667,58.597363133333324
783.5571429,869.5895892809997,86.03244638099966,False,0.761243312,32.39142040000001,50.631239933333326
482.1,503.5968214309994,21.496821430999375,False,0.3835502693333333,25.646803733333336,37.81797673333334
460.0375,410.80114286400004,49.23635713599998,False,0.3462306933333333,34.430942666666674,43.9206158
624.1857143,540.5854642870001,83.60025001299982,False,0.4420255493333332,25.431754533333333,38.33857613333334
403.1142857,395.4746964379999,7.639589262000072,False,0.3072239171428571,23.75348328571429,30.263634785714284
0.0,0.0,0.0,False,0.0,25.99734293333333,23.86692093333333
335.6125,264.22305356399994,71.38944643600007,False,0.206959974,32.85396113333333,42.799833
241.775,250.96655355999982,9.191553559999818,False,0.1892608939999999,29.096531133333336,34.4538818
0.0,0.0,0.0,False,0.0,21.92101433333333,19.488366666666664
596.5625,592.4465535709993,4.115946429000701,False,0.4160351014285714,32.622796071428574,49.610767714285714
0.0,0.0,0.0,False,0.0,21.894398866666663,19.45133666666668
0.0,0.0,0.0,False,0.0,22.1836792,20.5272158
0.0,0.0,0.0,False,0.0,23.664210999999995,22.226295933333336
0.0,0.11024999999999999,0.11024999999999999,False,0.0024945839982,21.80440273333333,20.4181316
0.0,0.0,0.0,False,0.0,22.21850393333333,20.4641012
0.0,0.0,0.0,False,0.0,22.329016133333333,20.000305133333327
0.0,0.0,0.0,False,0.0,24.608805333333333,22.68060506666667
251.7857143,253.5004821399999,1.7147678399998938,False,0.193777918,27.25204246666667,33.650572000000004
55.0375,52.434071428100026,2.6034285718999755,False,0.0437152266,21.14960933333333,19.30752746666667
10.825,9.459232143569997,1.3657678564300024,False,0.0099927644066666,28.18459053333333,27.252742533333333
670.3428571,963.293339226,292.950482126,True,0.7097949053333333,30.076267400000003,53.77259313333333
709.7714286,776.0481964209996,66.27676782099957,False,0.5924935807142857,27.712921,43.051186571428566
106.0666667,113.68410714099987,7.6174404409998715,False,0.08716189,33.03212220000001,34.3384004
0.0,0.0,0.0,False,0.0,22.009416857142856,19.45787921428571
838.4571429,858.6123928580002,20.15524995800024,False,0.6634503566666667,26.40725306666667,44.0128702
415.4875,437.832720245,22.345220245000007,False,0.3559949986666666,24.3803284,32.1630228
1065.642857,1031.4705536419997,34.17230335800036,False,0.8527403740000001,31.166330933333327,50.69978426666668
552.0,686.2376249979995,134.23762499799955,False,0.51719428,27.86592971428571,42.949353714285714
0.0,0.0,0.0,False,0.0,23.470836,21.83555171428572
765.2375,789.3323571470002,24.094857147000198,False,0.632901332,31.86826353333333,50.850927733333336
866.4,1026.6812023940006,160.28120239400062,False,0.9138139586666668,28.1088298,54.984794066666666
388.4857143,374.1708750120002,14.314839287999803,False,0.2735150473333333,25.79166053333333,34.815734666666664
0.0,0.0,0.0,False,0.0,22.078857466666665,19.3471294
509.6428571,520.4335357119995,10.79067861199951,False,0.4241181026666666,26.495521866666664,39.636977133333325
0.0,0.0,0.0,False,0.0,22.602610333333327,21.096276733333337
654.9125,588.4610892799996,66.45141072000047,False,0.4417064292857143,27.985940285714285,45.11740971428571
835.5285714,675.1517499950006,160.37682140499942,False,0.4696780846666667,30.64887906666667,45.644804066666666
0.0,0.0,0.0,False,0.0,24.43683873333333,22.21263826666667
5.271428571,5.607107142860001,0.33567857186000083,False,0.0066135848333333,21.8664428,20.341811066666665
0.0,0.0,0.0,False,0.0,22.388783866666664,20.06214393333333
0.0,0.0,0.0,False,0.0,23.227238,21.093687066666668
587.4857143,425.91213096600006,161.57358333399998,False,0.3701208159999999,23.990735,31.34313753333333
0.0,0.0,0.0,False,0.0,24.796325666666664,23.751652
0.0,0.0,0.0,False,0.0,24.3762818,21.520674666666668
0.0,0.0,0.0,False,0.0,21.358131866666668,19.8575724
746.5625,646.9096428539998,99.6528571460002,False,0.5473548466666667,29.9082072,49.460659
875.9857143,871.4262857160002,4.559428583999875,False,0.7142683660000001,28.210111600000005,48.59591266666667
0.0,0.0,0.0,False,0.0,23.908459466666663,22.34423213333333
0.0,937.5869405309998,937.5869405309998,True,1.2216518466666668,27.848915600000005,59.386079333333335
0.0,0.0,0.0,False,0.0,27.455975400000003,25.38531306666667
136.44,135.13294641999985,1.3070535800001437,False,0.1014331655,25.9601472,29.5002533
0.0,0.0,0.0,False,0.0,21.260813466666665,20.511558
1084.885714,1059.5537440629994,25.331969937000622,False,0.9068482053333332,29.577811800000003,51.7647218
683.6,644.8737500089998,38.72624999100026,False,0.5149644066666667,32.3501976,46.20359726666666
543.7625,533.9829821449995,9.779517855000563,False,0.4111925310666667,30.10173753333333,48.06596086666667
584.7857143,707.3168392699996,122.53112496999961,False,0.5857872135714286,30.21606228571428,50.006988571428565
0.0,0.0,0.0,False,0.0,21.946582066666668,20.434261
199.2714286,197.04655356799987,2.224875032000142,False,0.1614167364285714,27.426601,31.4595755
0.0,0.0,0.0,False,0.0,23.7752706,21.237825333333333
0.0,0.0,0.0,False,0.0,22.490025066666668,20.333485733333337
0.0,0.0,0.0,False,0.0,21.6996928,19.72627573333333
0.0,0.0,0.0,False,0.0,24.305967,22.219170642857147
203.9375,192.98201784900004,10.955482150999956,False,0.150128168,31.88745533333333,34.781236066666665
0.0,0.0,0.0,False,0.0,24.567763266666667,21.854593933333334
962.3571429,923.1132678590002,39.2438750409998,False,0.7867404085714285,27.44654421428572,46.09474850000001
541.525,596.2334642959999,54.708464295999875,False,0.403045044,27.300339800000003,45.74378906666668
979.1125,911.1398392800002,67.9726607199998,False,0.7577599673333335,27.727917533333333,45.92864793333334
0.0,0.0,0.0,False,0.0,25.184316133333333,22.8575074
28.44285714,29.641482142900028,1.1986250029000267,False,0.0237962576,21.653328466666665,19.7878378
0.0,0.0,0.0,False,0.0,21.806713866666662,19.316455
0.0,0.0,0.0,False,0.0,23.128673000000003,20.46430528571429
0.0,0.0,0.0,False,0.0,21.370375666666664,21.00739133333333
38.87142857,37.02253571509999,1.8488928549000079,False,0.0293719444666666,28.658781133333328,27.826387666666665
1215.1,865.4215178529998,349.67848214700007,True,0.7692376179999999,28.6178812,48.29328619999999
0.0,0.0,0.0,False,0.0,23.0468344,20.812300666666665
0.0,0.0,0.0,False,0.0,23.8389954,22.53573606666667
0.0,0.0,0.0,False,0.0,22.571179266666665,21.587780733333336
340.025,331.92626785900006,8.098732140999914,False,0.2568065713333334,27.230830933333333,34.6317082
318.6714286,252.67841072299996,65.99301787700006,False,0.2016386213333333,25.41951306666667,31.412544733333327
264.1714286,307.07369643799996,42.90226783799994,False,0.2219224921428571,23.908458142857143,27.4991695
171.1142857,175.19980357199992,4.085517871999912,False,0.1298209161333333,26.575002,28.584523666666666
0.0,0.0,0.0,False,0.0,24.93773193333333,24.060296533333336
0.0,0.0,0.0,False,0.0,21.68216,20.072144
0.0,0.0,0.0,False,0.0,24.7625794,23.2487568
982.6,842.3828571510006,140.2171428489994,False,0.6831317153333333,29.025638800000003,45.191560933333335
10.425,10.893553572470003,0.46855357247000207,False,0.0103677880266666,26.136122600000004,25.373767200000003
801.9625,774.2605535709991,27.701946429000827,False,0.6299917373333332,33.28802473333333,49.761794
308.8571429,286.90553570699973,21.951607193000257,False,0.2276812526666666,32.029101733333334,37.712012
0.0,0.0,0.0,False,0.0,25.99661440000001,24.617095866666663
0.0,0.0,0.0,False,0.0,22.9965616,21.869773466666665
0.0,0.0,0.0,False,0.0,24.08873486666667,21.486199866666663
0.0,0.0,0.0,False,0.0,23.936809,21.515644642857144
0.0,0.0,0.0,False,0.0,23.0380188,22.110986266666668
0.0,0.0,0.0,False,0.0,22.194932066666663,20.21912826666667
0.0,0.0,0.0,False,0.0,23.71126457142857,22.21554785714285
0.0,0.0,0.0,False,0.0,24.8719178,22.620530266666663
0.0,0.0,0.0,False,0.0,21.921218,19.330312066666668
673.9875,691.9250000019995,17.937500001999524,False,0.5304860364285712,29.360011642857145,44.37733914285714
0.0,0.0,0.0,False,0.0,23.321769133333333,22.1704956
0.0,0.0,0.0,False,0.0,23.3567708,21.421516933333333
109.525,113.51316070600006,3.988160706000059,False,0.0832185890666666,23.51573693333333,22.768512
0.0,0.0,0.0,False,0.0,22.739894666666665,21.476552466666668
911.9,1031.3322499589995,119.43224995899948,False,0.87740903,33.30490126666667,61.48070286666666
0.0,0.0,0.0,False,0.0,21.620870000000004,20.551786266666664
768.0857143,710.9525178559996,57.133196444000305,False,0.5909023807142856,27.42023371428571,47.050576142857146
0.0,0.0,0.0,False,0.0001221914806666,20.751308333333327,19.813110266666666
459.8857143,418.9328214329998,40.95289286700023,False,0.3180874907142857,32.0070125,43.13004007142857
0.0,0.0,0.0,False,0.0,24.26367993333333,21.819816066666665
526.9857143,668.597446416,141.61173211599998,False,0.5263113173333333,28.367865,46.1937744
361.5857143,380.60830356500014,19.022589265000136,False,0.2978837853333333,31.88587833333333,41.18470279999999
653.9,633.4867380950003,20.413261904999672,False,0.4772766193333333,27.82892866666667,43.3427838
580.3857143,552.6115714279995,27.77414287200054,False,0.4349046853333333,24.86980793333333,37.53728039999999
874.9571429,957.0397678649995,82.08262496499947,False,0.7764533440000001,29.957515466666667,48.48572366666667
1030.275,795.560000001,234.71499999900004,True,0.66640501,29.011586333333334,47.639289111111104
446.75,418.73132142900033,28.01867857099967,False,0.345676682,28.046335933333328,37.409806
587.3,539.3790178560006,47.92098214399937,False,0.4500676046666667,29.785141866666667,40.8995442
0.0,0.0,0.0,False,0.0,24.36970013333333,22.03935133333333
0.0,0.0,0.0,False,0.0,24.8400106,22.0829142
0.0,0.0,0.0,False,0.0,22.8874295,21.12194821428572
969.1428571,999.1756071740009,30.032750074000887,False,0.8238694766666665,30.200903066666665,51.813018666666665
601.1875,610.7230178589999,9.535517858999924,False,0.4700814853333333,25.757175666666665,38.892010733333336
0.0,0.0,0.0,False,0.0001658766313333,26.056652733333333,24.46637366666667
0.0,0.0,0.0,False,0.0,23.388924066666664,22.3684164
0.0,0.0,0.0,False,0.0,25.47801713333333,23.189469400000004
0.0,0.0,0.0,False,0.0,24.591292266666663,22.104187
351.375,332.84819642700006,18.52680357299994,False,0.2645778099999999,26.346307466666666,38.737007666666656
302.7142857,389.5334821399998,86.81919643999981,False,0.291636115,23.072224285714285,26.810551285714286
0.0,0.0,0.0,False,0.0,26.13919673333333,23.174355066666667
1267.728571,1107.1386608169994,160.5899101830007,False,1.151102274,27.0928548,57.691178466666656
996.6714286,863.3996607079996,133.2717678920004,False,0.754565452,31.858074933333327,61.51417646666666
0.0,0.0,0.0,False,0.0,24.47877935714285,22.165891285714284
0.0,0.0,0.0,False,0.0,23.726536066666668,21.646289066666665
629.9375,661.7492857069993,31.81178570699933,False,0.49096055,33.424020071428565,48.9096767142857
0.0,0.0,0.0,False,0.0,26.4515138,24.99562986666667
0.0,0.0,0.0,False,0.0,23.8231872,21.24833566666667
0.0,0.0,0.0,False,0.0,22.064056266666665,20.769443866666663
0.0,0.0,0.0,False,0.0,26.803802466666667,24.558612066666665
462.0,508.0821250110003,46.0821250110003,False,0.3930785846666666,33.16755933333334,43.82860906666667
0.0,0.0,0.0,False,0.0,23.55595913333333,21.48046053333333
0.0,796.7676964259995,796.7676964259995,True,0.6621523706666665,26.8470704,46.03145753333334
115.2285714,112.72228570600004,2.5062856939999705,False,0.0829558039333333,23.232289466666664,26.9630168
0.0,0.0,0.0,False,0.0,28.41945813333333,26.3571066
0.0,0.0,0.0,False,0.0010542331467857,21.226811071428568,19.82743392857144
0.0,0.0,0.0,False,0.0,22.96097606666667,21.154176733333337
581.2285714,438.91419642799997,142.314374972,False,0.4586929053333333,24.477518733333334,35.34433613333334
295.2428571,246.43030357000004,48.812553529999946,False,0.2082250053333333,23.0203716,26.054441200000003
402.3285714,416.68623213700005,14.35766073700006,False,0.3384331157142856,31.03193885714285,39.526938357142846
0.0,0.0,0.0,False,0.0,21.538749066666668,20.1673342
108.9714286,110.86869641799996,1.8972678179999605,False,0.0837732949333333,29.301833066666667,31.3613768
0.0,0.0,0.0,False,0.0,28.1855752,26.008966066666662
0.0,0.0,0.0,False,0.0,25.07621266666667,22.72139693333333
0.0,0.3932857142800002,0.3932857142800002,False,0.0028424610064285,21.69549992857143,20.599559285714285
717.9,728.5212678520002,10.621267852000187,False,0.611296238,31.9529074,53.654715866666656
92.825,97.19216069939995,4.367160699399946,False,0.0716501757333333,22.65153,22.805830800000003
0.0,0.0,0.0,False,0.0,26.32090453333333,23.7664206
0.0,0.0,0.0,False,0.0,23.984708733333328,21.2534078
0.0,0.0,0.0,False,0.0,22.774051866666664,22.108378
860.9875,869.1126428550006,8.125142855000604,False,0.73095554,28.27815892857143,45.06816992857143
822.3285714,911.8513571509994,89.52278575099945,False,0.741254446,32.05471386666667,56.430047733333325
236.5,235.66298215099985,0.8370178490001479,False,0.1989128933333333,22.93633213333333,23.896433466666668
1045.7625,968.2447976380007,77.51770236199934,False,0.8068469279999999,27.371873,49.5876018
4.528571429,4.985589285759995,0.45701785675999496,False,0.0059234326933333,25.811604733333333,24.302943866666663
0.0,0.0,0.0,False,0.0,22.550337733333336,21.27018826666666
0.0,0.0,0.0,False,0.0,23.52625706666667,22.2376994
774.475,824.8128749939999,50.33787499399989,False,0.6465474886666664,27.322759933333337,45.7407144
0.0,0.0,0.0,False,0.0,24.612066533333333,21.97715853333333
0.0,0.0,0.0,False,0.0,24.113977066666667,21.963254733333336
516.8857143,578.5213214299997,61.6356071299997,False,0.4031702393333333,26.958341533333336,42.141090666666656
40.47142857,38.16041071669999,2.311017853300008,False,0.0333130082666666,28.177933666666664,28.66382253333333
0.0,0.0,0.0,False,0.0,25.26825146666667,23.117767266666668
0.0,0.0,0.0,False,0.0,23.3535358,20.933164466666664
839.15,886.2469463959997,47.09694639599968,False,0.760303092142857,34.09684771428572,54.98997742857143
36.85,37.529107143199965,0.679107143199964,False,0.0291135531333333,23.35637213333333,20.837968
86.67142857,83.95853571439999,2.7128928556000176,False,0.067908889,21.957159333333333,22.195896266666672
86.0375,85.60444642880009,0.4330535711999062,False,0.0669730784,25.183624333333327,26.1870504
0.0,0.0,0.0,False,0.0,21.194393066666667,20.01042266666667
0.0,0.0,0.0,False,0.0,22.230548066666667,21.1730612
0.0,0.0,0.0,False,0.0,21.651534,19.3644714
0.0,0.0,0.0,False,0.0,23.14515773333333,21.689501933333336
0.0,0.0,0.0,False,0.0,23.910445066666668,21.8468058
0.0,0.0,0.0,False,0.0,23.439050266666666,21.8317772
0.0,0.0,0.0,False,0.0,23.631050666666667,23.077227733333327
0.0,0.0,0.0,False,0.0,23.113399266666665,21.02477813333333
22.02857143,23.428946428899994,1.400374998899995,False,0.019033676,25.1361024,24.7232728
251.2142857,245.9555535869999,5.258732113000093,False,0.188819984,22.34573353333333,28.182126799999995
196.5625,175.7716607240001,20.7908392759999,False,0.1611515566666666,22.77360833333333,23.338553800000003
487.3285714,423.77239879500013,63.55617260499986,False,0.348691926,24.85946453333333,32.48247873333333
283.6571429,287.382232141,3.725089240999978,False,0.2260944466666666,27.856903133333333,34.7539672
923.0,834.1139821419996,88.8860178580004,False,0.6841737733333335,27.55344846666667,47.8497312
0.0,0.0,0.0,False,0.0,22.50401006666667,21.093290266666667
0.0,0.0,0.0,False,0.0,22.941931,20.8091066
550.8285714,423.030535727,127.79803567300002,False,0.3559129373333332,31.9338582,46.44251506666667
0.0,0.0,0.0,False,0.0,22.22185842857143,20.895703928571425
6.314285714,5.913910714350002,0.40037499964999856,False,0.0072804718466666,24.8120402,23.99075733333333
1020.0625,862.8576785440001,157.20482145599988,False,0.7114153480000001,28.038039066666663,54.683736466666666
1036.6125,1064.9701071209995,28.357607120999546,False,0.8627664733333335,29.567946466666665,55.37232273333334
333.1,371.31425000400014,38.21425000400012,False,0.2833920893333333,29.42465813333333,43.14005753333333
0.0,0.0,0.0,False,0.0,22.0624776,20.415987200000004
0.0,0.0,0.0,False,0.0,22.74159678571429,20.341541785714288
696.9857143,738.8363928499996,41.85067854999954,False,0.601559176,27.81567373333333,43.86323240000001
0.0,0.0,0.0,False,0.0,22.890356333333337,20.784727
940.2875,935.402553588,4.884946411999977,False,0.8066293299999999,27.941221066666667,45.770940866666656
0.0,0.0,0.0,False,0.0,21.469700066666668,19.74697253333333
26.8625,29.34014285819999,2.4776428581999888,False,0.0222816074666666,24.01163526666667,22.35345866666667
238.6625,299.15278571600027,60.49028571600027,False,0.21528912,23.946079466666667,26.170033866666667
0.0,0.0,0.0,False,0.0,22.1506266,20.516988066666663
1172.9,707.8109821409997,465.08901785900036,True,1.0468158086666666,28.699442466666667,59.51716313333333
586.9714286,803.3912500019999,216.4198214019999,True,0.6274043513333333,32.27157786666667,53.3307006
703.1571429,679.7128392849995,23.444303615000536,False,0.4793892407142857,33.09783492857143,47.05743857142858
0.0,0.0,0.0,False,0.0,21.640612933333333,19.093664466666667
2.5125,1.6461428571000005,0.8663571428999997,False,0.0034388459133333,28.10139566666667,25.64277146666668
588.7428571,519.5949642800001,69.14789281999992,False,0.4422391126666667,24.682629266666662,35.93726406666667
0.0,0.0,0.0,False,0.0,23.474888266666667,22.42334993333333
0.0,0.0,0.0,False,0.0,21.64112766666667,20.3276652
12.35714286,11.773232142830002,0.5839107171699975,False,0.0112804514933333,20.426454666666668,18.25406093333333
451.3714286,431.91348214099975,19.457946459000254,False,0.3338253060000001,26.54801433333333,32.771891
320.1125,335.6598928519999,15.547392851999916,False,0.260346758,33.86159653333333,39.419075933333325
822.9285714,877.6241964169997,54.69562501699966,False,0.710976275,27.703896500000003,45.23483278571429
529.0875,501.20646428,27.88103572,False,0.396035358,24.447705066666664,36.010386000000004
949.0571429,928.4839999980001,20.573142901999972,False,0.711361128,28.884842666666664,48.98813886666667
184.0625,178.79173213799987,5.2707678620001275,False,0.1447934189333333,25.21618033333333,29.547110933333336
1054.15,939.83280356,114.31719644000009,False,0.7781302413333333,28.85288293333333,50.806604
0.0,0.0,0.0,False,0.0,25.810259142857145,23.5601895
0.0,0.0,0.0,False,0.0,22.61636746666667,20.058746266666667
0.0,0.0,0.0,False,0.0,22.91665021428572,20.368068142857144
0.0,0.0,0.0,False,0.002114633124,23.8018982,23.067795866666664
52.9125,48.97716071439998,3.9353392856000227,False,0.039089017,29.038175466666665,28.573687866666667
0.0,0.0,0.0,False,0.0,22.334638285714284,20.134107285714283
307.3375,307.6481785819997,0.3106785819996958,False,0.2453921386666666,28.417808066666662,39.03741653333332
0.0,0.0,0.0,False,0.0,21.800122066666667,19.8409138
0.0,0.0,0.0,False,0.0,21.64939373333333,19.30126753333333
0.0,0.0,0.0,False,0.0,26.701993733333328,24.079714066666664
665.0571429,672.6760357119997,7.618892811999672,False,0.5405936786666665,27.030969466666665,41.825665333333326
0.0,0.0,0.0,False,0.0,21.16746521428572,19.544621
0.0,0.0,0.0,False,0.0,21.73004566666667,19.504081266666667
0.0,0.0,0.0,False,0.0,24.498402866666662,23.097552533333328
0.0,0.0,0.0,False,0.0,27.355645599999995,25.637278066666667
0.0,0.0,0.0,False,0.0015752938426666,25.0463766,25.426198266666667
0.0,0.0,0.0,False,0.0,22.544309466666668,20.22720133333333
200.9571429,183.06855357500007,17.88858932499994,False,0.15050792,22.16442873333333,24.749108733333337
139.375,154.73487500499996,15.359875004999964,False,0.1112899762666666,24.041567200000003,23.861043266666663
873.3,883.8025714240002,10.50257142400028,False,0.7478824706666666,28.077185133333334,46.80665106666667
0.0,0.0,0.0,False,0.0,21.4268412,19.4470174
1051.242857,1071.660428596999,20.417571596999096,False,0.8495404559999999,29.428778066666663,54.02926233333333
0.0,0.0,0.0,False,0.0,22.171736666666664,21.0808288
30.25,29.83882142860002,0.4111785713999794,False,0.0238564609333333,21.8627444,20.6966776
916.3625,893.3978393070006,22.96466069299936,False,0.7406104714285713,30.07889021428572,52.50944735714285
0.0,0.0,0.0,False,0.0,21.93583573333333,19.1575074
0.0,0.0,0.0,False,0.0,23.622412133333327,20.969897533333327
0.0,0.0,0.0,False,0.0,24.492980857142857,22.052697285714284
0.0,0.0,0.0,False,0.0,23.29439086666667,21.5673136
0.0,0.0,0.0,False,0.0,20.894081466666663,19.889562933333337
0.0,0.0,0.0,False,0.0,22.17537633333333,21.605226666666663
408.6428571,385.6410357120001,23.00182138799994,False,0.299662534,23.168194600000003,32.699511466666664
743.1428571,743.717392854,0.5745357539999532,False,0.5930513439999998,30.739146,47.6748986
26.35714286,26.40033928550002,0.04319642550002101,False,0.0214036318666666,28.510609933333328,28.12322593333333
0.0,0.0,0.0,False,0.0,23.12093293333333,20.880371199999995
166.2857143,171.95087499599987,5.665160695999873,False,0.1278067490666667,28.59915553333333,31.82115473333333
0.0,0.0,0.0,False,0.0,22.66317964285714,20.29072571428572
0.0,0.0,0.0,False,0.0,23.797349066666666,21.6842774
922.5571429,903.5676071399996,18.98953576000042,False,0.7472785953333334,27.397644133333333,51.1395304
0.0,0.0,0.0,False,0.0,22.125963571428567,20.27607721428572
0.0,0.0,0.0,False,0.0,26.058491933333336,23.3778504
0.0,0.0,0.0,False,0.0,22.237394333333327,20.012465333333328
103.0285714,110.25278570989997,7.224214309899963,False,0.0836154068666666,31.958078800000003,34.10791773333333
0.0,0.0,0.0,False,0.0,22.522731466666663,20.5014038
1056.757143,1011.0361606349994,45.72098236500062,False,0.879347218,33.4819584,59.38402526666668
0.0,0.0,0.0,False,0.0,23.0801798,21.29458413333333
0.0,0.0,0.0,False,0.0,22.8566712,21.085955733333336
0.0,0.0,0.0,False,0.0,23.006721933333328,22.43304846666667
141.7714286,139.47958928199998,2.2918393180000294,False,0.1091103762666666,25.315805933333333,28.12346393333333
707.3571429,665.191482138,42.165660762000016,False,0.5289236226666665,26.09553013333333,40.98323173333333
0.0,0.0,0.0,False,0.0,24.196650928571422,21.709464
0.0,0.0,0.0,False,0.0,22.181749642857145,19.998057785714288
1032.771429,901.224928585,131.54650041499985,False,0.7342295764285713,29.63224571428572,50.96551314285714
0.0,0.0,0.0,False,0.0,23.48329066666667,21.23848886666666
0.0,0.0,0.0,False,0.0,26.475219733333333,24.957104533333336
0.0,0.0,0.0,False,0.0,23.628920533333336,22.05108853333333
687.6142857,319.96744643900024,367.64683926099974,True,0.5331907740000001,26.463971,30.740364866666663
599.8142857,542.9261785749999,56.88810712500015,False,0.435684946,31.42362873333333,46.57489593333333
0.0,0.0,0.0,False,0.0,22.22029006666667,19.791581266666668
697.025,684.4874107080001,12.537589291999893,False,0.5342788213333333,26.066546666666667,42.4321838
0.0,0.0,0.0,False,0.0,22.88334766666667,21.585738133333333
107.4,113.27735713600008,5.877357136000072,False,0.0824505469333333,22.765519200000004,23.1308492
0.0,0.0,0.0,False,0.0,22.373763,21.36869693333333
937.5875,904.8443035709993,32.743196429000704,False,0.7516814453333333,28.077587800000003,48.34034806666667
391.2,515.1387678559998,123.93876785599986,False,0.3794895364285714,28.726664714285715,48.51885335714286
511.2714286,473.78910714399933,37.48232145600065,False,0.3664925886666666,25.031361933333333,35.71532393333333
667.9714286,561.48828572,106.48314287999995,False,0.5092201013333332,30.24165666666667,42.94891766666666
8.4,9.753428571170007,1.3534285711700065,False,0.0096864394666666,21.53003333333333,20.394429466666665
1214.4125,1097.3499285109995,117.06257148900045,False,1.017537535,28.042243,56.312655
1152.2375,1155.382761803,3.1452618030000394,False,0.9618199573333333,31.3498148,55.91095173333333
0.0,0.0,0.0,False,0.0,23.539119142857142,22.20156635714285
0.0,0.0,0.0,False,0.0,24.461625066666663,22.18635246666667
1106.685714,1147.4798214180007,40.79410741800075,False,0.9288445293333332,30.986580466666663,60.1309834
656.75,761.4134285719998,104.66342857199982,False,0.5939330333333332,27.3424154,47.41862173333334
260.3625,251.35030357500017,9.012196424999843,False,0.2060087846666666,23.45101913333333,28.194765
0.0,0.0,0.0,False,0.0,22.359759533333328,20.81857506666667
512.5285714,580.5221071430001,67.99353574300005,False,0.4285554833333333,27.74402266666667,40.183040466666654
0.0,0.0,0.0,False,0.0,22.5694072,21.518406266666663
0.0,0.0,0.0,False,0.0,21.985909,19.168965533333328
0.0,0.0,0.0,False,0.0,23.8949484,21.48822633333333
96.1625,87.816589284,8.345910715999992,False,0.0711178362666666,21.774928866666663,23.340763133333333
1106.585714,1090.6681548329993,15.917559167000718,False,0.9000696606666667,29.735261933333334,53.64847206666667
0.0,0.0,0.0,False,0.0,22.66150713333333,21.765783666666668
905.9,904.7505714209999,1.1494285790000731,False,0.7480077733333332,27.469006399999994,45.76378179999999
0.0,0.0,0.0,False,0.0,21.864501933333333,19.492871133333328
0.0,0.0,0.0,False,0.0,22.507914333333336,20.614268066666664
0.0,0.0,0.0,False,0.0,23.41632073333333,20.97011306666667
497.9571429,489.47710714000016,8.48003575999985,False,0.3798659046666666,29.76168613333333,40.82955953333333
519.325,604.6480178489994,85.32301784899937,False,0.4202787366666667,26.58655813333333,42.300410866666674
130.725,121.03286786499991,9.69213213500008,False,0.0940941717857142,26.5301995,28.573238
0.0,0.0,0.0,False,0.0,22.447642785714287,20.77917907142857
0.0,0.0,0.0,False,0.0,23.351676466666664,21.251873733333333
563.6625,558.2189821350003,5.443517864999762,False,0.4278343173333333,24.52345993333333,35.5528282
0.0,0.0,0.0,False,0.0,23.331081066666663,21.4704246
641.9125,620.9004999989996,21.012000001000388,False,0.5274703919999999,30.22064013333333,46.65866706666667
0.0,0.0,0.0,False,0.0,27.9578898,25.1996236
0.0,0.0,0.0,False,0.0,26.3497904,25.225801600000004
46.44285714,44.41608928619994,2.0267678538000595,False,0.0369035885714285,28.82632671428572,29.096067142857144
249.8285714,242.28619642700016,7.5423749729998235,False,0.1821268135714285,23.507492071428576,26.79229507142857
700.225,696.7888035680004,3.436196431999633,False,0.545487636,32.7458558,51.327437733333326
190.2125,177.44014285699987,12.772357143000136,False,0.1542123409333333,24.711029066666665,25.490907733333334
0.0,0.0,0.0,False,0.0,23.4968382,21.601784133333336
0.0,0.0,0.0,False,0.0,22.355903933333337,19.858323266666662
0.0,0.0,0.0,False,0.0,22.4315856,20.403196200000004
182.8571429,191.5656428480001,8.708499948000082,False,0.155080448,30.053727133333336,40.58806333333334
1111.228571,1073.9665357020008,37.26203529799932,False,0.9182852226666663,27.994940266666667,53.25080986666667
462.1625,418.4531428680002,43.70935713199981,False,0.3198755806666667,26.92045893333333,36.647984066666666
643.4714286,538.1279107289995,105.34351787100047,False,0.430022742,28.79405306666667,43.01357606666667
180.5857143,183.80639284199987,3.2206785419998596,False,0.1487991533333333,24.988789866666668,29.6056438
664.9857143,644.3042142859995,20.681500014000562,False,0.5062324326666667,32.598390733333325,48.28102199999999
0.0,0.0,0.0,False,0.0,25.282519466666667,22.43654993333333
0.0,0.0,0.0,False,0.0,25.98317053333333,22.6132344
0.0,0.0,0.0,False,0.0,23.948044733333337,22.21106766666667
0.0,0.0,0.0,False,0.0,25.0534728,22.2860412
747.6428571,716.4059642829999,31.236892817000125,False,0.581595316,30.592580066666667,44.846677466666655
0.0,0.0,0.0,False,0.0,20.961525466666664,19.47753106666667
747.2571429,727.0141785709998,20.242964329000188,False,0.5623129906666666,25.70663053333333,41.3690166
901.8142857,715.5543750000002,186.25991069999986,True,0.631655037142857,31.4721985,58.874195642857146
103.825,105.74060714369998,1.9156071436999724,False,0.0808109167333333,27.518345000000004,29.254244
0.0,0.0,0.0,False,0.0,21.14206753333333,20.531305
76.82857143,79.56326785800006,2.7346964280000634,False,0.0606357090666666,23.3408814,22.568992
1005.585714,928.7601369139998,76.8255770860003,False,0.8341566393333333,29.217750933333328,53.50141380000001
0.0,0.0,0.0,False,0.0,22.947974214285715,21.32625042857143
0.0,0.0,0.0,False,0.0,22.029776500000004,21.009530285714284
0.0,0.0,0.0,False,0.0,21.0787292,20.025736533333337
998.5142857,950.9205000160001,47.59378568399984,False,0.8096695786666664,28.2830628,49.19147753333333
425.6428571,404.66219643,20.98066067000002,False,0.32255192,24.568143428571428,34.32752778571429
586.8875,558.5827678469996,28.304732153000487,False,0.4497933986666666,27.1061442,42.90284833333333
604.1857143,616.2527142750001,12.066999975000158,False,0.4579382833333333,28.995208666666663,39.9702698
0.0,0.0,0.0,False,0.0,22.5532246,20.274528066666665
8.428571429,8.864392857149992,0.4358214281499926,False,0.0090791752333333,21.767089866666662,19.32609053333333
7.542857143,8.902464285780006,1.359607142780006,False,0.00914994484,29.243110933333337,28.6825074
376.5571429,378.9906607177003,2.433517817700306,False,0.302090306,29.61870526666667,37.96412553333333
805.1875,638.9241428599995,166.2633571400005,False,0.5149625866666667,31.305375066666663,49.183583533333326
0.0,0.0,0.0,False,0.0,23.16300233333333,20.393292266666663
0.0,0.0,0.0,False,0.0,23.8922364,21.126922666666665
0.0,0.0,0.0,False,0.0,23.13929433333333,21.802388333333337
72.98571429,73.09617856980005,0.11046427980004125,False,0.0565229884,22.34989833333333,22.100982666666667
0.0,0.0,0.0,False,0.0,22.405242866666665,19.973746666666667
156.3285714,155.5551071429998,0.7734642570001995,False,0.1167449068666666,21.786851066666664,22.9464376
0.0,0.0,0.0,False,0.0,23.723101799999995,22.5175476
0.0,0.0,0.0,False,0.0,21.44609786666667,20.709676
270.2625,258.7237321569998,11.538767843000187,False,0.197582556,26.772544533333328,32.65239666666667
236.6714286,236.02801785300008,0.6434107469999333,False,0.1875066193333333,24.505352933333327,27.033671066666663
470.5625,475.61969642399976,5.0571964239997556,False,0.3506713633333333,25.524094533333333,34.50640073333333
705.525,596.0147499900002,109.51025000999982,False,0.4552519278571428,29.15021621428572,46.961443357142855
0.0,0.0,0.0,False,7.79209073e-05,21.658839866666664,19.984273200000004
0.0,0.0,0.0,False,0.0,25.970591266666663,24.29259233333333
646.3285714,640.3346964379998,5.993874962000177,False,0.5104697813333334,26.212556866666667,40.39654946666667
0.0,0.0,0.0,False,0.0,26.931520666666664,25.35537526666667
900.3428571,872.5675357079998,27.775321392000137,False,0.7681858726666667,28.96788953333333,48.28042806666666
284.5125,235.1996428689998,49.312857131000186,False,0.1997712573333333,23.40352773333333,24.986667866666668
474.6142857,473.0370178549997,1.5772678450002786,False,0.3536178413333332,24.827956066666665,34.91220333333333
461.2875,444.8542142776995,16.433285722300525,False,0.3661181566666667,29.803035600000005,39.41787906666666
143.4714286,144.975500008,1.5040714080000157,False,0.1091689054285714,22.247434428571427,22.354954428571432
0.0,0.0,0.0,False,0.0,23.232509466666663,21.74905586666667
0.0,0.0,0.0,False,0.0,23.959344400000003,23.300472066666668
0.0,0.0,0.0,False,2.7608272399999994e-05,27.857527666666662,26.235675
0.0,0.0,0.0,False,0.0,22.974324466666666,20.576291866666665
572.65,543.8321607299995,28.81783927000049,False,0.4148831933333333,25.215167266666665,37.6112162
884.6,884.4446249929991,0.15537500700088458,False,0.6880469099999998,29.854372133333328,53.01691526666667
12.58571429,11.29821428554,1.28750000446,False,0.0117904483199999,23.21604600000001,21.406390466666668
0.0,0.0,0.0,False,0.0,22.874760071428568,20.64805378571429
0.0,0.0,0.0,False,0.0,22.70174173333333,21.1886312
190.2857143,216.0980892830001,25.812374983000097,False,0.1736663853333333,28.13737193333333,33.33803933333334
869.5857143,906.9044285760001,37.31871427600015,False,0.718821216,28.941943333333327,51.34074066666668
128.8125,129.25072142499985,0.4382214249998526,False,0.0971864702,26.33208213333333,27.7955018
841.3625,882.8525714340008,41.49007143400081,False,0.7134718886666666,27.891768466666665,46.3823122
712.9285714,665.5990357100003,47.329535689999716,False,0.5514050859999999,34.7056704,51.99498913333333
0.0,0.0,0.0,False,0.0,23.9790038,23.404168866666662
835.4625,748.9076607200003,86.55483927999967,False,0.6296874326666666,30.598740733333337,51.564969866666665
0.0,0.0,0.0,False,0.0,22.293249466666666,20.07742533333333
298.3571429,428.45980357399975,130.10266067399976,False,0.3150899026666667,34.02411533333334,44.905969266666666
0.0,0.0,0.0,False,0.0,23.27699386666667,21.23533533333333
111.325,117.62379285099995,6.298792850999945,False,0.086237195,24.0184102,23.685199
762.4,707.5509285639996,54.84907143600037,False,0.5377807876923076,32.96533184615384,46.83451484615385
0.0,0.0,0.0,False,0.0,25.64443966666667,23.44923293333333
0.0,0.0,0.0,False,0.0,24.260123600000004,21.96341146666666
140.2142857,132.76025001799982,7.454035682000182,False,0.0998780443333333,21.185152066666664,21.922501733333327
452.775,429.336452382,23.438547617999973,False,0.353673456,24.273189266666662,32.9937198
1083.925,782.0078572420002,301.9171427579997,True,0.8979147206666667,26.66739493333333,44.267293333333335
233.9714286,219.01351785200006,14.957910747999932,False,0.17003262,26.0763428,30.701261466666665
0.0,0.0,0.0,False,0.0,23.308522466666663,21.4654338
914.5,797.4564642950004,117.04353570499961,False,0.6356642493333334,29.261606933333333,49.6573588
0.0,0.0,0.0,False,0.0,26.57452986666667,24.8557904
0.0,0.0,0.0,False,0.0,25.331020066666667,22.70933033333333
190.2571429,185.44833928800003,4.808803611999963,False,0.1557342913333333,22.742930066666663,25.804111733333336
0.0,0.0,0.0,False,0.0,23.618847800000005,22.86751913333333
0.0,0.0,0.0,False,0.0,26.739679,24.4989238
0.0,0.0,0.0,False,0.0,22.89988213333333,21.383107466666665
0.0,0.0,0.0,False,0.0,24.00257386666667,21.370762266666667
12.1,7.588000000170004,4.511999999829996,False,0.0098169462733333,28.880454466666663,27.785554933333334
1200.557143,827.0796071459997,373.4775358540003,True,0.6365820806666665,28.252118,47.370047933333325
0.0,0.0,0.0,False,0.0,22.6955222,21.929762933333333
0.0,0.0,0.0,False,0.0001471694642,21.959989266666664,20.5434348
83.2375,83.83673214240007,0.5992321424000693,False,0.0625831249333333,22.115535533333336,22.72741286666667
0.0,0.0,0.0,False,0.0,21.401043666666663,20.689916933333333
202.5125,176.2752321339998,26.237267866000195,False,0.1422467350666666,23.838385,27.240083733333336
0.0,0.0,0.0,False,0.0,24.80070386666667,21.85834973333333
0.0,810.1546607069996,810.1546607069996,True,0.6502135673333332,26.948706133333328,43.94926386666666
587.9285714,622.3667559410004,34.438184541000396,False,0.4668261126666666,29.21803193333333,42.5737022
0.0,0.0,0.0,False,0.0,22.77129513333333,22.362780800000003
0.0,0.0,0.0,False,0.0,22.25009353333333,20.68480226666667
334.2125,333.1944464349999,1.0180535650000593,False,0.2427383993333333,23.899300266666664,29.06023366666667
0.0,0.0,0.0,False,0.0,25.055564333333333,23.1519184
0.0,0.0,0.0,False,0.0,23.418153933333333,22.447845466666667
0.0,0.0,0.0,False,0.0,21.952612266666662,20.08414726666667
1075.642857,1118.5489702729997,42.90611327299962,False,1.008637932,32.030253133333325,59.7176536
0.0,0.0,0.0,False,0.0,22.773077400000005,21.2763896
464.125,540.8666250099997,76.74162500999967,False,0.4059969573333333,29.043869866666665,43.17022886666666
0.0,0.0,0.0,False,0.0,22.69777992857143,20.19735485714285
963.8,895.8283571430003,67.97164285699967,False,0.754716712,28.85416453333333,51.79728806666666
934.4714286,911.6975893079989,22.77383929200107,False,0.7350834633333333,33.763185400000005,49.80390433333333
0.0,0.0,0.0,False,0.0,23.86744786666667,21.385422733333336
0.0,0.0,0.0,False,2.0070272266666667e-05,23.2409404,21.9908934
208.725,231.99537501099974,23.270375010999743,False,0.2020374493333333,22.7244914,23.87672733333333
220.2428571,207.00173215500013,13.241124944999882,False,0.1652971236,30.436910066666663,36.399023133333344
0.0,0.0,0.0,False,0.0,22.217138666666667,20.21119186666667
711.0714286,668.9017142809998,42.16971431900015,False,0.544320384,27.122843333333336,40.93966879999999
633.475,667.0366964340002,33.56169643400017,False,0.5249432360000001,32.34201053333333,48.925150733333325
0.0,0.0,0.0,False,0.0,24.820863733333333,22.009299599999995
532.9714286,580.9778749980002,48.00644639800021,False,0.4485121606666667,27.1763814,40.5386984
1063.628571,1142.953988047001,79.32541704700111,False,1.033489496666667,30.12836306666667,61.4558144
954.6625,894.1637321349995,60.49876786500056,False,0.7094795186666665,27.40871386666667,47.941766400000006
0.0,0.0,0.0,False,0.0,22.091783785714288,20.774348642857145
0.0,0.0,0.0,False,0.0,22.360552285714288,20.44197957142857
0.0,0.0,0.0,False,0.0,23.881455466666665,21.0441874
197.1875,211.4713571450001,14.283857145000098,False,0.1738986373333333,33.30025473333334,35.852207400000005
0.0,0.0,0.0,False,0.0,22.44969607142857,20.013902785714283
202.575,200.23180357099994,2.343196429000045,False,0.1566565473333333,22.7777608,26.293044066666663
425.625,382.79082142919987,42.834178570800134,False,0.3286678413333333,29.6577312,39.18270073333333
5.442857143,5.648750000100003,0.20589285710000294,False,0.0071169433199999,22.086163266666663,20.94403673333333
1119.725,973.5062202630007,146.21877973699918,False,0.922471946,27.280598866666665,56.17617786666667
38.32857143,36.794053571899966,1.5345178581000312,False,0.0287589122,22.62713006666667,20.668404133333333
55.65,57.54919642789994,1.8991964278999447,False,0.0456077094,30.75914113333333,30.545615666666663
1139.6,973.396196434,166.20380356599992,False,0.7764669535714287,31.723678357142852,57.42826607142857
166.3428571,153.01828571999985,13.324571380000151,False,0.1154349828,23.7412598,27.86075853333333
692.2125,621.6090357169996,70.60346428300033,False,0.4224988753333333,33.88692626666666,53.80755813333333
0.0,0.0,0.0,False,0.0,23.8672546,21.50230326666667
0.0,0.0,0.0,False,0.0,22.039939333333336,19.941762333333333
0.0,0.0,0.0,False,0.0,27.17084366666667,25.592665600000004
63.12857143,63.51067857259997,0.3821071425999705,False,0.0495149681333333,21.985833666666664,21.195638
0.0,0.0,0.0,False,0.0,21.831136,20.094527266666667
0.0,0.0,0.0,False,0.0,23.9593852,21.597076466666667
0.0,0.0,0.0,False,0.0,26.74988007142857,25.323394642857146
0.0,0.0,0.0,False,0.0,25.654901066666667,23.449275533333328
398.5,397.3240000059997,1.1759999940002785,False,0.3245409046666666,23.89814073333333,33.29091186666667
0.0,0.0,0.0,False,0.0,22.11587533333333,19.7206116
0.0,0.0,0.0,False,0.0,23.154599933333333,21.314619866666668
0.0,0.0,0.0,False,0.0,22.122522,20.021327733333333
140.825,129.23646429299993,11.588535707000062,False,0.1083668231333333,21.7675536,21.045220800000003
0.0,0.0,0.0,False,0.0,22.29215506666667,20.591811133333334
0.0,0.0,0.0,False,0.0,22.0309366,21.0314534
1034.171429,896.5043333479998,137.66709565200017,False,0.8263966746666666,27.78503,53.52336233333334
0.0,0.0,0.0,False,0.0,22.24558513333333,20.75850213333333
316.0142857,286.31755356800005,29.696732131999966,False,0.2161607053333333,27.53361213333333,32.33926173333334
0.0,0.0,0.0,False,0.0,23.41160473333333,21.65298853333333
572.9428571,715.0647856970005,142.12192859700053,False,0.457150144,31.814784666666668,46.41744406666666
0.0,0.0,0.0,False,0.0,23.72655033333333,21.563179466666668
1007.65,818.03687498,189.61312501999998,True,0.76711941,30.8864686,50.44957046666666
0.0,0.0,0.0,False,0.0,21.408011866666666,19.59883613333333
0.0,0.0,0.0,False,0.0,23.1155682,20.764007666666664
157.325,178.08337501900007,20.758375019000084,False,0.1373132696428571,31.9316625,35.02001971428571
0.0,0.0,0.0,False,0.0,23.082973333333328,20.659122666666665
0.0,0.0,0.0,False,0.0,22.913321142857136,20.759881142857136
815.3285714,701.6487499969999,113.67982140300012,False,0.5762455473333332,28.8240906,47.455545866666654
181.9375,191.6603214129999,9.722821412999906,False,0.1547126757142856,24.8159595,28.888477857142853
762.3428571,721.6383214249998,40.7045356750001,False,0.576459514,27.546154666666663,42.22754713333333
0.0,0.0,0.0,False,0.0,24.328727266666665,23.452380466666668
615.9,658.3219285810003,42.421928581000316,False,0.4637642506666667,27.262479733333336,43.4918152
28.11428571,28.929964287399994,0.8156785773999928,False,0.0213697816666666,24.5652384,23.850461733333333
1090.242857,1089.0672142500011,1.175642749998815,False,0.9566406293333332,33.185274066666665,61.56432686666666
920.7,896.5755714289994,24.124428571000635,False,0.73832813,29.644663666666663,49.07784
0.0,0.0,0.0,False,0.0,21.489196866666664,19.8354494
0.0,0.0,0.0,False,0.0,23.560729933333327,21.31796673333333
428.2285714,463.30121428999985,35.07264288999983,False,0.3619616539999999,28.854707866666665,44.048325600000005
0.0,0.0,0.0,False,0.0,22.236828466666665,20.914416666666668
1135.014286,1185.6855892559995,50.67130325599942,False,0.9587958633333332,31.56218266666667,58.13640526666666
0.0,0.0,0.0,False,0.0,22.873112066666668,20.6070172
356.9142857,363.007482166,6.093196465999995,False,0.2681349153333333,23.364750200000003,30.827225666666664
594.7857143,571.0935535829999,23.692160717000093,False,0.46019857,25.76177973333333,38.08438906666666
0.0,0.0,0.0,False,0.0,20.989664666666663,20.38562406666667
479.4875,446.07700000299997,33.410499997000045,False,0.339791978,25.7016844,38.59687113333333
0.0,0.0,0.0,False,0.0,21.24451273333333,19.1137146
0.0,0.0,0.0,False,9.44485646e-05,28.136104133333337,26.83467813333333
219.2285714,220.59948216999987,1.370910769999881,False,0.167161456,23.25484613333333,25.770912666666668
110.1875,115.2798392900001,5.092339290000098,False,0.0836293638666666,21.591829466666663,21.91393233333333
0.0,0.0,0.0,False,0.0,25.09930633333333,22.31530366666667
933.3625,1170.1278926900004,236.76539269000045,True,0.966907858,30.96598713333333,58.3223184
0.0,0.0,0.0,False,0.0,22.682067866666667,20.969073466666664
0.0,0.0,0.0,False,0.0,26.376255266666668,24.04932253333333
0.0,0.0,0.0,False,0.0,22.739367733333328,21.784452266666666
0.0,0.0,0.0,False,0.0,23.479001866666664,22.0222046
482.8,492.18748215000005,9.38748215000004,False,0.3876267686666667,24.36926893333333,33.90226446666667
0.0,0.0,0.0,False,0.0,23.8368284,22.6065692
0.0,0.0,0.0,False,0.0,22.021704133333333,20.646187266666665
386.8142857,386.75210714900027,0.06217855099976077,False,0.3152401926666667,32.72757773333334,40.30443513333333
0.0,0.0,0.0,False,0.0,22.44995926666667,21.3038554
