gbifID	datasetKey	occurrenceID	kingdom	phylum	class	order	family	genus	species	infraspecificEpithet	taxonRank	scientificName	verbatimScientificName	verbatimScientificNameAuthorship	countryCode	locality	stateProvince	occurrenceStatus	individualCount	publishingOrgKey	decimalLatitude	decimalLongitude	coordinateUncertaintyInMeters	coordinatePrecision	elevation	elevationAccuracy	depth	depthAccuracy	eventDate	day	month	year	taxonKey	speciesKey	basisOfRecord	institutionCode	collectionCode	catalogNumber	recordNumber	identifiedBy	dateIdentified	license	rightsHolder	recordedBy	typeStatus	establishmentMeans	lastInterpreted	mediaType	issue
686479654	1d04e739-98a9-4e16-9970-8f8f3bf9e9e3	8fbaa6d4-1ed8-11e3-bfac-90b11c41863e	Animalia	Chordata	Mammalia	Carnivora	Ursidae	Ailuropoda	Ailuropoda melanoleuca		SPECIES	Ailuropoda melanoleuca (David, 1869)	Ailuropoda melanoleuca		CN	WENCHUAN, NEAR; UPPER MIN RIVER	Sichuan	PRESENT		b554c320-0560-11d8-b851-b8a03c50a862	31.4657075	103.5831794							1943-07-01	1	7	1943	2433399	2433399	PRESERVED_SPECIMEN	KU	KUM	152537				CC_BY_4_0		Unknown			2025-11-05T02:25:27.688Z		COORDINATE_REPROJECTED
665916254	41fc5c40-5e81-496f-9733-6b5681b3b7a5	41a25d9b-97a6-416c-95bc-33ccd999c9fe	Animalia	Chordata	Mammalia	Carnivora	Ursidae	Ailuropoda	Ailuropoda melanoleuca		SPECIES	Ailuropoda melanoleuca (David, 1869)	Ailuropoda melanoleuca		CN	Gin Da Chou	Sichuan	PRESENT	1	7b8aff00-a9f8-11d8-944b-b8a03c50a862	31.333334	103.75							1932-06		6	1932	2433399	2433399	PRESERVED_SPECIMEN	FMNH	Mammals	39514	6			CC0_1_0	The Field Museum of Natural History	F. T. Smith			2025-11-05T00:45:40.173Z		GEODETIC_DATUM_INVALID;GEODETIC_DATUM_ASSUMED_WGS84;OCCURRENCE_STATUS_INFERRED_FROM_INDIVIDUAL_COUNT;INSTITUTION_MATCH_FUZZY;COLLECTION_MATCH_FUZZY
665915062	41fc5c40-5e81-496f-9733-6b5681b3b7a5	df388372-311c-483c-b1ea-05c3c81cdaf8	Animalia	Chordata	Mammalia	Carnivora	Ursidae	Ailuropoda	Ailuropoda melanoleuca		SPECIES	Ailuropoda melanoleuca (David, 1869)	Ailuropoda melanoleuca		CN	Lolo, Yehli	Sichuan	PRESENT	1	7b8aff00-a9f8-11d8-944b-b8a03c50a862	28.833334	102.333336											2433399	2433399	PRESERVED_SPECIMEN	FMNH	Mammals	31131				CC0_1_0	The Field Museum of Natural History	Kelley-Roosevelts Expedition			2025-11-05T00:45:38.021Z		COORDINATE_ROUNDED;GEODETIC_DATUM_INVALID;GEODETIC_DATUM_ASSUMED_WGS84;OCCURRENCE_STATUS_INFERRED_FROM_INDIVIDUAL_COUNT;INSTITUTION_MATCH_FUZZY;COLLECTION_MATCH_FUZZY
665915061	41fc5c40-5e81-496f-9733-6b5681b3b7a5	d8165957-785b-4ea6-b6b5-77b1176b8ad6	Animalia	Chordata	Mammalia	Carnivora	Ursidae	Ailuropoda	Ailuropoda melanoleuca		SPECIES	Ailuropoda melanoleuca (David, 1869)	Ailuropoda melanoleuca		CN	Lolo, Yehli	Sichuan	PRESENT	1	7b8aff00-a9f8-11d8-944b-b8a03c50a862	28.833334	102.333336							1929-04-13	13	4	1929	2433399	2433399	PRESERVED_SPECIMEN	FMNH	Mammals	31130				CC0_1_0	The Field Museum of Natural History	Kelley-Roosevelts Expedition			2025-11-05T00:45:38.432Z	StillImage	COORDINATE_ROUNDED;GEODETIC_DATUM_INVALID;GEODETIC_DATUM_ASSUMED_WGS84;OCCURRENCE_STATUS_INFERRED_FROM_INDIVIDUAL_COUNT;INSTITUTION_MATCH_FUZZY;COLLECTION_MATCH_FUZZY
665915060	41fc5c40-5e81-496f-9733-6b5681b3b7a5	a5f347b9-738a-4fd0-b02a-932770376abf	Animalia	Chordata	Mammalia	Carnivora	Ursidae	Ailuropoda	Ailuropoda melanoleuca		SPECIES	Ailuropoda melanoleuca (David, 1869)	Ailuropoda melanoleuca		CN	Lolo, Yehli	Sichuan	PRESENT	1	7b8aff00-a9f8-11d8-944b-b8a03c50a862	28.833334	102.333336							1929-04-13	13	4	1929	2433399	2433399	PRESERVED_SPECIMEN	FMNH	Mammals	31129				CC0_1_0	The Field Museum of Natural History	Kelley-Roosevelts Expedition			2025-11-05T00:45:40.562Z	StillImage	COORDINATE_ROUNDED;GEODETIC_DATUM_INVALID;GEODETIC_DATUM_ASSUMED_WGS84;OCCURRENCE_STATUS_INFERRED_FROM_INDIVIDUAL_COUNT;INSTITUTION_MATCH_FUZZY;COLLECTION_MATCH_FUZZY
665806605	41fc5c40-5e81-496f-9733-6b5681b3b7a5	bcdf2bc0-edbe-46de-aee2-cfeaf7344d16	Animalia	Chordata	Mammalia	Carnivora	Ursidae	Ailuropoda	Ailuropoda melanoleuca		SPECIES	Ailuropoda melanoleuca (David, 1869)	Ailuropoda melanoleuca		CN	Dun Shih Goh, above Baoxing	Sichuan	PRESENT	1	7b8aff00-a9f8-11d8-944b-b8a03c50a862	30.416666	102.833336							1931-05-27	27	5	1931	2433399	2433399	PRESERVED_SPECIMEN	FMNH	Mammals	36758	s15			CC0_1_0	The Field Museum of Natural History	F. T. Smith			2025-11-05T00:45:41.452Z		COORDINATE_ROUNDED;GEODETIC_DATUM_INVALID;GEODETIC_DATUM_ASSUMED_WGS84;OCCURRENCE_STATUS_INFERRED_FROM_INDIVIDUAL_COUNT;INSTITUTION_MATCH_FUZZY;COLLECTION_MATCH_FUZZY
665803568	41fc5c40-5e81-496f-9733-6b5681b3b7a5	083a18b4-ee8d-405b-93fb-64eec44c4e0a	Animalia	Chordata	Mammalia	Carnivora	Ursidae	Ailuropoda	Ailuropoda melanoleuca		SPECIES	Ailuropoda melanoleuca (David, 1869)	Ailuropoda melanoleuca		CN	Paohing (Baoxing)	Sichuan	PRESENT	1	7b8aff00-a9f8-11d8-944b-b8a03c50a862	30.416666	102.666664							1930			1930	2433399	2433399	PRESERVED_SPECIMEN	FMNH	Mammals	34258				CC0_1_0	The Field Museum of Natural History	L. R. Crook			2025-11-05T00:45:41.938Z		COORDINATE_ROUNDED;GEODETIC_DATUM_INVALID;GEODETIC_DATUM_ASSUMED_WGS84;OCCURRENCE_STATUS_INFERRED_FROM_INDIVIDUAL_COUNT;INSTITUTION_MATCH_FUZZY;COLLECTION_MATCH_FUZZY
665800423	41fc5c40-5e81-496f-9733-6b5681b3b7a5	0eabb3bd-214f-4da5-9b87-7609e4ae3b66	Animalia	Chordata	Mammalia	Carnivora	Ursidae	Ailuropoda	Ailuropoda melanoleuca		SPECIES	Ailuropoda melanoleuca (David, 1869)	Ailuropoda melanoleuca		CN	Lolo, Yehli	Sichuan	PRESENT	1	7b8aff00-a9f8-11d8-944b-b8a03c50a862	28.833334	102.333336											2433399	2433399	PRESERVED_SPECIMEN	FMNH	Mammals	31133				CC0_1_0	The Field Museum of Natural History	Kelley-Roosevelts Expedition			2025-11-05T00:45:32.070Z		COORDINATE_ROUNDED;GEODETIC_DATUM_INVALID;GEODETIC_DATUM_ASSUMED_WGS84;OCCURRENCE_STATUS_INFERRED_FROM_INDIVIDUAL_COUNT;INSTITUTION_MATCH_FUZZY;COLLECTION_MATCH_FUZZY
665800422	41fc5c40-5e81-496f-9733-6b5681b3b7a5	85318a2f-2cfe-45fb-bc8a-d4e7ed394c73	Animalia	Chordata	Mammalia	Carnivora	Ursidae	Ailuropoda	Ailuropoda melanoleuca		SPECIES	Ailuropoda melanoleuca (David, 1869)	Ailuropoda melanoleuca		CN	Lolo, Yehli	Sichuan	PRESENT	1	7b8aff00-a9f8-11d8-944b-b8a03c50a862	28.833334	102.333336											2433399	2433399	PRESERVED_SPECIMEN	FMNH	Mammals	31132				CC0_1_0	The Field Museum of Natural History	Kelley-Roosevelts Expedition			2025-11-05T00:45:28.894Z		COORDINATE_ROUNDED;GEODETIC_DATUM_INVALID;GEODETIC_DATUM_ASSUMED_WGS84;OCCURRENCE_STATUS_INFERRED_FROM_INDIVIDUAL_COUNT;INSTITUTION_MATCH_FUZZY;COLLECTION_MATCH_FUZZY
665800421	41fc5c40-5e81-496f-9733-6b5681b3b7a5	8a4973a5-28e9-4d18-8fd0-7c3a6cfb69f6	Animalia	Chordata	Mammalia	Carnivora	Ursidae	Ailuropoda	Ailuropoda melanoleuca		SPECIES	Ailuropoda melanoleuca (David, 1869)	Ailuropoda melanoleuca		CN	Lolo, Yehli	Sichuan	PRESENT	1	7b8aff00-a9f8-11d8-944b-b8a03c50a862	28.833334	102.333336							1929-04-13	13	4	1929	2433399	2433399	PRESERVED_SPECIMEN	FMNH	Mammals	31128				CC0_1_0	The Field Museum of Natural History	Kelley-Roosevelts Expedition			2025-11-05T00:45:29.229Z		COORDINATE_ROUNDED;GEODETIC_DATUM_INVALID;GEODETIC_DATUM_ASSUMED_WGS84;OCCURRENCE_STATUS_INFERRED_FROM_INDIVIDUAL_COUNT;INSTITUTION_MATCH_FUZZY;COLLECTION_MATCH_FUZZY
5293122702	50c9509d-22c7-4a22-a47d-8c48425ef4a7	https://www.inaturalist.org/observations/307432001	Animalia	Chordata	Mammalia	Carnivora	Ursidae	Ailuropoda	Ailuropoda melanoleuca		SPECIES	Ailuropoda melanoleuca (David, 1869)	Ailuropoda melanoleuca		CN		Sichuan	PRESENT		28eb1a3f-1c15-4a95-931a-4af90ecb574d	32.718605	104.930247	29066.0						2025-08-11T11:02:07	11	8	2025	2433399	2433399	HUMAN_OBSERVATION	iNaturalist	Observations	307432001		icneo	2025-08-19T03:39:20	CC_BY_NC_4_0	icneo	icneo			2025-11-10T23:48:09.836Z	StillImage	COORDINATE_ROUNDED;CONTINENT_DERIVED_FROM_COORDINATES;TAXON_ID_NOT_FOUND
5177228944	50c9509d-22c7-4a22-a47d-8c48425ef4a7	https://www.inaturalist.org/observations/286188256	Animalia	Chordata	Mammalia	Carnivora	Ursidae	Ailuropoda	Ailuropoda melanoleuca		SPECIES	Ailuropoda melanoleuca (David, 1869)	Ailuropoda melanoleuca qinlingensis		CN		Shaanxi	PRESENT		28eb1a3f-1c15-4a95-931a-4af90ecb574d	33.740152	107.787183	28930.0						2023-08-18T12:36	18	8	2023	2433399	2433399	HUMAN_OBSERVATION	iNaturalist	Observations	286188256		tianyang	2025-06-02T04:39:15	CC_BY_NC_4_0	tianyang	tianyang			2025-11-10T23:41:51.849Z	StillImage	COORDINATE_ROUNDED;CONTINENT_DERIVED_FROM_COORDINATES;TAXON_MATCH_HIGHERRANK;TAXON_ID_NOT_FOUND
5015137678	6ac3f774-d9fb-4796-b3e9-92bf6c81c084		Animalia	Chordata	Mammalia	Carnivora	Ursidae	Ailuropoda	Ailuropoda melanoleuca		SPECIES	Ailuropoda melanoleuca (David, 1869)	Ailuropoda melanoleuca		DE	UTM25_32U_0425_6000		PRESENT		bb646dff-a905-4403-a49b-6d378c2cf0d9	54.182098	7.898537	25.0						2024-04-01T00:00	1	4	2024	2433399	2433399	HUMAN_OBSERVATION	NABU|naturgucker	NABU|naturgucker	-929398715				CC_BY_4_0		-233027529			2025-11-10T11:20:12.652Z		COORDINATE_ROUNDED;GEODETIC_DATUM_ASSUMED_WGS84;CONTINENT_DERIVED_FROM_COORDINATES
5014445687	6ac3f774-d9fb-4796-b3e9-92bf6c81c084		Animalia	Chordata	Mammalia	Carnivora	Ursidae	Ailuropoda	Ailuropoda melanoleuca		SPECIES	Ailuropoda melanoleuca (David, 1869)	Ailuropoda melanoleuca		DE	Zoologischer Garten Berlin		PRESENT		bb646dff-a905-4403-a49b-6d378c2cf0d9	52.508018	13.33869	250.0						2007-11-04T00:00	4	11	2007	2433399	2433399	HUMAN_OBSERVATION	NABU|naturgucker	NABU|naturgucker	-529312822				CC_BY_4_0		1089887244			2025-11-10T11:20:28.622Z	StillImage	COORDINATE_ROUNDED;GEODETIC_DATUM_ASSUMED_WGS84;CONTINENT_DERIVED_FROM_COORDINATES
4994180162	50c9509d-22c7-4a22-a47d-8c48425ef4a7	https://www.inaturalist.org/observations/244915305	Animalia	Chordata	Mammalia	Carnivora	Ursidae	Ailuropoda	Ailuropoda melanoleuca	melanoleuca	SUBSPECIES	Ailuropoda melanoleuca melanoleuca	Ailuropoda melanoleuca melanoleuca		CN		Sichuan	PRESENT		28eb1a3f-1c15-4a95-931a-4af90ecb574d	30.242074	102.815559	66964.0						2024-05-05T21:09	5	5	2024	9087131	2433399	HUMAN_OBSERVATION	iNaturalist	Observations	244915305		鐦鍆錒	2024-12-08T13:52:06	CC_BY_NC_4_0	Royle Safaris	Royle Safaris			2025-11-10T23:29:40.754Z	StillImage	COORDINATE_ROUNDED;CONTINENT_DERIVED_FROM_COORDINATES;TAXON_ID_NOT_FOUND
4946636243	50c9509d-22c7-4a22-a47d-8c48425ef4a7	https://www.inaturalist.org/observations/241466260	Animalia	Chordata	Mammalia	Carnivora	Ursidae	Ailuropoda	Ailuropoda melanoleuca	melanoleuca	SUBSPECIES	Ailuropoda melanoleuca melanoleuca	Ailuropoda melanoleuca melanoleuca		CN		Sichuan	PRESENT		28eb1a3f-1c15-4a95-931a-4af90ecb574d	31.300435	103.280407	29252.0						2024-03-28T13:46	28	3	2024	9087131	2433399	HUMAN_OBSERVATION	iNaturalist	Observations	241466260		Royle Safaris	2024-09-13T14:57:39	CC_BY_NC_4_0	Royle Safaris	Royle Safaris			2025-11-10T23:28:25.838Z	StillImage	COORDINATE_ROUNDED;CONTINENT_DERIVED_FROM_COORDINATES;TAXON_ID_NOT_FOUND
4945663599	50c9509d-22c7-4a22-a47d-8c48425ef4a7	https://www.inaturalist.org/observations/241466258	Animalia	Chordata	Mammalia	Carnivora	Ursidae	Ailuropoda	Ailuropoda melanoleuca	melanoleuca	SUBSPECIES	Ailuropoda melanoleuca melanoleuca	Ailuropoda melanoleuca melanoleuca		CN		Sichuan	PRESENT		28eb1a3f-1c15-4a95-931a-4af90ecb574d	32.40159	102.899928	250000.0						2024-03-25T11:35	25	3	2024	9087131	2433399	HUMAN_OBSERVATION	iNaturalist	Observations	241466258		Royle Safaris	2024-09-13T14:57:39	CC_BY_NC_4_0	Royle Safaris	Royle Safaris			2025-11-10T23:28:26.857Z	StillImage	COORDINATE_ROUNDED;CONTINENT_DERIVED_FROM_COORDINATES;TAXON_ID_NOT_FOUND
4945630928	50c9509d-22c7-4a22-a47d-8c48425ef4a7	https://www.inaturalist.org/observations/241465425	Animalia	Chordata	Mammalia	Carnivora	Ursidae	Ailuropoda	Ailuropoda melanoleuca	melanoleuca	SUBSPECIES	Ailuropoda melanoleuca melanoleuca	Ailuropoda melanoleuca melanoleuca		CN		Sichuan	PRESENT		28eb1a3f-1c15-4a95-931a-4af90ecb574d	31.714416	102.215098	29199.0						2024-03-28T10:56	28	3	2024	9087131	2433399	HUMAN_OBSERVATION	iNaturalist	Observations	241465425		Royle Safaris	2024-09-13T14:52:54	CC_BY_NC_4_0	Royle Safaris	Royle Safaris			2025-11-10T23:28:29.648Z	StillImage	COORDINATE_ROUNDED;CONTINENT_DERIVED_FROM_COORDINATES;TAXON_ID_NOT_FOUND
4919693071	50c9509d-22c7-4a22-a47d-8c48425ef4a7	https://www.inaturalist.org/observations/199176825	Animalia	Chordata	Mammalia	Carnivora	Ursidae	Ailuropoda	Ailuropoda melanoleuca		SPECIES	Ailuropoda melanoleuca (David, 1869)	Ailuropoda melanoleuca qinlingensis		CN		Shaanxi	PRESENT		28eb1a3f-1c15-4a95-931a-4af90ecb574d	33.657385	107.869767	28930.0						2010-05-10T16:13	10	5	2010	2433399	2433399	HUMAN_OBSERVATION	iNaturalist	Observations	199176825		鐦鍆錒	2024-02-15T12:01:37	CC0_1_0	James Eaton	James Eaton			2025-11-10T23:11:42.319Z	StillImage	COORDINATE_ROUNDED;CONTINENT_DERIVED_FROM_COORDINATES;TAXON_MATCH_HIGHERRANK;TAXON_ID_NOT_FOUND
4919248742	50c9509d-22c7-4a22-a47d-8c48425ef4a7	https://www.inaturalist.org/observations/199176824	Animalia	Chordata	Mammalia	Carnivora	Ursidae	Ailuropoda	Ailuropoda melanoleuca		SPECIES	Ailuropoda melanoleuca (David, 1869)	Ailuropoda melanoleuca qinlingensis		CN		Shaanxi	PRESENT		28eb1a3f-1c15-4a95-931a-4af90ecb574d	33.713495	107.985946	28930.0						2010-05-11T16:56	11	5	2010	2433399	2433399	HUMAN_OBSERVATION	iNaturalist	Observations	199176824		小游	2024-02-13T09:04:04	CC0_1_0	James Eaton	James Eaton			2025-11-10T23:11:42.974Z	StillImage	COORDINATE_ROUNDED;CONTINENT_DERIVED_FROM_COORDINATES;TAXON_MATCH_HIGHERRANK;TAXON_ID_NOT_FOUND
4867350646	3f0f641c-cd4b-4694-8e47-c47be23ac2a9	B9E60D813F623AA94271904EB7034679.mc.8B006ECF110AF5E35E3958269E4462A1	Animalia	Chordata	Mammalia	Carnivora	Ursidae	Ailuropoda	Ailuropoda melanoleuca		SPECIES	Ailuropoda melanoleuca (David, 1869)	Ailuropoda melanoleuca (David 1869)	(David 1869)	CN		Sichuan	PRESENT	1	7ce8aef0-9e92-11dc-8738-b8a03c50a862	30.383333	102.833336											2433399	2433399	MATERIAL_CITATION							CC0_1_0					2025-11-07T16:41:26.159Z		GEODETIC_DATUM_ASSUMED_WGS84;CONTINENT_DERIVED_FROM_COORDINATES;TAXON_ID_NOT_FOUND;OCCURRENCE_STATUS_INFERRED_FROM_INDIVIDUAL_COUNT
4852810695	50c9509d-22c7-4a22-a47d-8c48425ef4a7	https://www.inaturalist.org/observations/207916346	Animalia	Chordata	Mammalia	Carnivora	Ursidae	Ailuropoda	Ailuropoda melanoleuca	melanoleuca	SUBSPECIES	Ailuropoda melanoleuca melanoleuca	Ailuropoda melanoleuca melanoleuca		CN		Sichuan	PRESENT		28eb1a3f-1c15-4a95-931a-4af90ecb574d	31.215673	103.060438	29252.0						2017-12-27T02:06	27	12	2017	9087131	2433399	HUMAN_OBSERVATION	iNaturalist	Observations	207916346		鐦鍆錒	2024-04-20T09:46:33	CC_BY_NC_4_0	Royle Safaris	Royle Safaris			2025-11-11T00:59:06.350Z	StillImage	COORDINATE_ROUNDED;CONTINENT_DERIVED_FROM_COORDINATES;TAXON_ID_NOT_FOUND
4852719621	50c9509d-22c7-4a22-a47d-8c48425ef4a7	https://www.inaturalist.org/observations/207753317	Animalia	Chordata	Mammalia	Carnivora	Ursidae	Ailuropoda	Ailuropoda melanoleuca	melanoleuca	SUBSPECIES	Ailuropoda melanoleuca melanoleuca	Ailuropoda melanoleuca melanoleuca		CN		Sichuan	PRESENT		28eb1a3f-1c15-4a95-931a-4af90ecb574d	31.294626	102.278302	62500.0						2018-03-17T07:32	17	3	2018	9087131	2433399	HUMAN_OBSERVATION	iNaturalist	Observations	207753317		鐦鍆錒	2024-04-23T22:44:32	CC_BY_NC_4_0	Royle Safaris	Royle Safaris			2025-11-10T23:15:43.524Z	StillImage	COORDINATE_ROUNDED;CONTINENT_DERIVED_FROM_COORDINATES;TAXON_ID_NOT_FOUND
4852300768	50c9509d-22c7-4a22-a47d-8c48425ef4a7	https://www.inaturalist.org/observations/207914871	Animalia	Chordata	Mammalia	Carnivora	Ursidae	Ailuropoda	Ailuropoda melanoleuca	melanoleuca	SUBSPECIES	Ailuropoda melanoleuca melanoleuca	Ailuropoda melanoleuca melanoleuca		CN		Gansu	PRESENT		28eb1a3f-1c15-4a95-931a-4af90ecb574d	32.60295	105.06079	29066.0						2017-12-12T03:09	12	12	2017	9087131	2433399	HUMAN_OBSERVATION	iNaturalist	Observations	207914871		鐦鍆錒	2024-04-23T22:44:01	CC_BY_NC_4_0	Royle Safaris	Royle Safaris			2025-11-10T23:15:43.275Z	StillImage	COORDINATE_ROUNDED;CONTINENT_DERIVED_FROM_COORDINATES;TAXON_ID_NOT_FOUND
4852098572	50c9509d-22c7-4a22-a47d-8c48425ef4a7	https://www.inaturalist.org/observations/208909737	Animalia	Chordata	Mammalia	Carnivora	Ursidae	Ailuropoda	Ailuropoda melanoleuca	melanoleuca	SUBSPECIES	Ailuropoda melanoleuca melanoleuca	Ailuropoda melanoleuca melanoleuca		CN		Sichuan	PRESENT		28eb1a3f-1c15-4a95-931a-4af90ecb574d	31.810733	103.724565	29173.0						2018-03-05T19:24	5	3	2018	9087131	2433399	HUMAN_OBSERVATION	iNaturalist	Observations	208909737		鐦鍆錒	2024-04-23T22:43:30	CC_BY_NC_4_0	Royle Safaris	Royle Safaris			2025-11-10T21:35:59.107Z	StillImage	COORDINATE_ROUNDED;CONTINENT_DERIVED_FROM_COORDINATES;TAXON_ID_NOT_FOUND
4851939954	50c9509d-22c7-4a22-a47d-8c48425ef4a7	https://www.inaturalist.org/observations/207916336	Animalia	Chordata	Mammalia	Carnivora	Ursidae	Ailuropoda	Ailuropoda melanoleuca	melanoleuca	SUBSPECIES	Ailuropoda melanoleuca melanoleuca	Ailuropoda melanoleuca melanoleuca		CN		Sichuan	PRESENT		28eb1a3f-1c15-4a95-931a-4af90ecb574d	31.320128	103.113754	29252.0						2018-01-21T08:41	21	1	2018	9087131	2433399	HUMAN_OBSERVATION	iNaturalist	Observations	207916336		鐦鍆錒	2024-04-20T09:47:27	CC_BY_NC_4_0	Royle Safaris	Royle Safaris			2025-11-10T23:15:50.658Z	StillImage	COORDINATE_ROUNDED;CONTINENT_DERIVED_FROM_COORDINATES;TAXON_ID_NOT_FOUND
4851809979	50c9509d-22c7-4a22-a47d-8c48425ef4a7	https://www.inaturalist.org/observations/207916344	Animalia	Chordata	Mammalia	Carnivora	Ursidae	Ailuropoda	Ailuropoda melanoleuca	melanoleuca	SUBSPECIES	Ailuropoda melanoleuca melanoleuca	Ailuropoda melanoleuca melanoleuca		CN		Sichuan	PRESENT		28eb1a3f-1c15-4a95-931a-4af90ecb574d	31.255507	103.040655	29252.0						2018-01-03T19:46	3	1	2018	9087131	2433399	HUMAN_OBSERVATION	iNaturalist	Observations	207916344		鐦鍆錒	2024-04-23T22:43:42	CC_BY_NC_4_0	Royle Safaris	Royle Safaris			2025-11-11T00:59:04.603Z	StillImage	COORDINATE_ROUNDED;CONTINENT_DERIVED_FROM_COORDINATES;TAXON_ID_NOT_FOUND
4851805506	50c9509d-22c7-4a22-a47d-8c48425ef4a7	https://www.inaturalist.org/observations/207916345	Animalia	Chordata	Mammalia	Carnivora	Ursidae	Ailuropoda	Ailuropoda melanoleuca	melanoleuca	SUBSPECIES	Ailuropoda melanoleuca melanoleuca	Ailuropoda melanoleuca melanoleuca		CN		Sichuan	PRESENT		28eb1a3f-1c15-4a95-931a-4af90ecb574d	31.348328	103.068079	29252.0						2017-12-28T01:00	28	12	2017	9087131	2433399	HUMAN_OBSERVATION	iNaturalist	Observations	207916345		鐦鍆錒	2024-04-20T09:46:43	CC_BY_NC_4_0	Royle Safaris	Royle Safaris			2025-11-11T00:59:08.038Z	StillImage	COORDINATE_ROUNDED;CONTINENT_DERIVED_FROM_COORDINATES;TAXON_ID_NOT_FOUND
4851770056	50c9509d-22c7-4a22-a47d-8c48425ef4a7	https://www.inaturalist.org/observations/207916334	Animalia	Chordata	Mammalia	Carnivora	Ursidae	Ailuropoda	Ailuropoda melanoleuca	melanoleuca	SUBSPECIES	Ailuropoda melanoleuca melanoleuca	Ailuropoda melanoleuca melanoleuca		CN		Sichuan	PRESENT		28eb1a3f-1c15-4a95-931a-4af90ecb574d	31.239359	103.166963	29252.0						2018-02-20T15:37	20	2	2018	9087131	2433399	HUMAN_OBSERVATION	iNaturalist	Observations	207916334		鐦鍆錒	2024-04-20T09:48:05	CC_BY_NC_4_0	Royle Safaris	Royle Safaris			2025-11-10T21:35:53.248Z	StillImage	COORDINATE_ROUNDED;CONTINENT_DERIVED_FROM_COORDINATES;TAXON_ID_NOT_FOUND
476856419	4bfac3ea-8763-4f4b-a71a-76a6f5f243d3	MCZ:Mamm:29678	Animalia	Chordata	Mammalia	Carnivora	Ursidae	Ailuropoda	Ailuropoda melanoleuca		SPECIES	Ailuropoda melanoleuca (David, 1869)	Ailuropoda melanoleuca (David, 1869)	(David, 1869)	CN	Szechwan, Matdefile, Ho-Tze-Gow		PRESENT	1	b4640710-8e03-11d8-b956-b8a03c50a862	30.5	102.66667	604207.0	1.0E-5					1893-05-15	15	5	1893	2433399	2433399	PRESERVED_SPECIMEN	MCZ	Mamm	29678				CC_BY_NC_4_0	President and Fellows of Harvard College	M. Berlovski			2025-11-11T06:32:59.493Z		INSTITUTION_MATCH_FUZZY;COLLECTION_MATCH_FUZZY
476840171	4bfac3ea-8763-4f4b-a71a-76a6f5f243d3	MCZ:Mamm:34861	Animalia	Chordata	Mammalia	Carnivora	Ursidae	Ailuropoda	Ailuropoda melanoleuca		SPECIES	Ailuropoda melanoleuca (David, 1869)	Ailuropoda melanoleuca (David, 1869)	(David, 1869)	CN	west Szechuan, Tibetan border, west of Cheng-tu	Sichuan	PRESENT	1	b4640710-8e03-11d8-b956-b8a03c50a862	30.37686	99.08512	161612.0	1.0E-5					1936			1936	2433399	2433399	PRESERVED_SPECIMEN	MCZ	Mamm	34861				CC_BY_NC_4_0	President and Fellows of Harvard College	a missionary			2025-11-11T06:33:56.509Z	StillImage	RECORDED_DATE_MISMATCH;INSTITUTION_MATCH_FUZZY;COLLECTION_MATCH_FUZZY
4526867417	3959ee49-7678-4a88-9049-5dfc55ccebf3	http://coldb.mnhn.fr/catalognumber/mnhn/zm/mo-1892-849	Animalia	Chordata	Mammalia	Carnivora	Ursidae	Ailuropoda	Ailuropoda melanoleuca		SPECIES	Ailuropoda melanoleuca (David, 1869)	Ailuropoda melanoleuca David, 1869	David, 1869	CN	Ta-Tsien Lou	Setchuan	PRESENT		2cd829bb-b713-433d-99cf-64bef11e5b3e	29.996	101.955											2433399	2433399	PRESERVED_SPECIMEN	MNHN	ZM	MO-1892-849				CC_BY_4_0		Biet, Félix;Biet, Félix			2025-11-04T15:14:01.959Z		GEODETIC_DATUM_ASSUMED_WGS84;INSTITUTION_MATCH_FUZZY
4506447375	50c9509d-22c7-4a22-a47d-8c48425ef4a7	https://www.inaturalist.org/observations/193220792	Animalia	Chordata	Mammalia	Carnivora	Ursidae	Ailuropoda	Ailuropoda melanoleuca	melanoleuca	SUBSPECIES	Ailuropoda melanoleuca melanoleuca	Ailuropoda melanoleuca melanoleuca		CN		Sichuan	PRESENT		28eb1a3f-1c15-4a95-931a-4af90ecb574d	32.689414	103.798032	500000.0						2018-02-13T16:13	13	2	2018	9087131	2433399	HUMAN_OBSERVATION	iNaturalist	Observations	193220792		鐦鍆錒	2023-12-24T13:04:23	CC_BY_NC_4_0	Royle Safaris	Royle Safaris			2025-11-10T21:31:26.199Z	StillImage	COORDINATE_ROUNDED;CONTINENT_DERIVED_FROM_COORDINATES;TAXON_ID_NOT_FOUND
4506277046	50c9509d-22c7-4a22-a47d-8c48425ef4a7	https://www.inaturalist.org/observations/194566948	Animalia	Chordata	Mammalia	Carnivora	Ursidae	Ailuropoda	Ailuropoda melanoleuca	melanoleuca	SUBSPECIES	Ailuropoda melanoleuca melanoleuca	Ailuropoda melanoleuca melanoleuca		CN		Sichuan	PRESENT		28eb1a3f-1c15-4a95-931a-4af90ecb574d	32.355037	103.264886	31250.0						2019-04-13T01:53	13	4	2019	9087131	2433399	HUMAN_OBSERVATION	iNaturalist	Observations	194566948		鐦鍆錒	2023-12-24T13:01:19	CC_BY_NC_4_0	Royle Safaris	Royle Safaris			2025-11-10T21:31:39.699Z	StillImage	COORDINATE_ROUNDED;CONTINENT_DERIVED_FROM_COORDINATES;TAXON_ID_NOT_FOUND
4465742251	50c9509d-22c7-4a22-a47d-8c48425ef4a7	https://www.inaturalist.org/observations/193801620	Animalia	Chordata	Mammalia	Carnivora	Ursidae	Ailuropoda	Ailuropoda melanoleuca	melanoleuca	SUBSPECIES	Ailuropoda melanoleuca melanoleuca	Ailuropoda melanoleuca melanoleuca		CN		Sichuan	PRESENT		28eb1a3f-1c15-4a95-931a-4af90ecb574d	32.051549	103.514491	31250.0						2019-04-15T16:03	15	4	2019	9087131	2433399	HUMAN_OBSERVATION	iNaturalist	Observations	193801620		鐦鍆錒	2023-12-24T13:04:02	CC_BY_NC_4_0	Royle Safaris	Royle Safaris			2025-11-10T21:31:23.462Z	StillImage	COORDINATE_ROUNDED;CONTINENT_DERIVED_FROM_COORDINATES;TAXON_ID_NOT_FOUND
4465466642	50c9509d-22c7-4a22-a47d-8c48425ef4a7	https://www.inaturalist.org/observations/193220793	Animalia	Chordata	Mammalia	Carnivora	Ursidae	Ailuropoda	Ailuropoda melanoleuca	melanoleuca	SUBSPECIES	Ailuropoda melanoleuca melanoleuca	Ailuropoda melanoleuca melanoleuca		CN		Sichuan	PRESENT		28eb1a3f-1c15-4a95-931a-4af90ecb574d	31.801407	104.180117	29173.0						2018-02-09T16:13	9	2	2018	9087131	2433399	HUMAN_OBSERVATION	iNaturalist	Observations	193220793		鐦鍆錒	2023-12-24T13:06:06	CC_BY_NC_4_0	Royle Safaris	Royle Safaris			2025-11-11T00:55:24.527Z	StillImage	COORDINATE_ROUNDED;CONTINENT_DERIVED_FROM_COORDINATES;TAXON_ID_NOT_FOUND
4405621552	50c9509d-22c7-4a22-a47d-8c48425ef4a7	https://www.inaturalist.org/observations/180754867	Animalia	Chordata	Mammalia	Carnivora	Ursidae	Ailuropoda	Ailuropoda melanoleuca	melanoleuca	SUBSPECIES	Ailuropoda melanoleuca melanoleuca	Ailuropoda melanoleuca melanoleuca		CN		Sichuan	PRESENT		28eb1a3f-1c15-4a95-931a-4af90ecb574d	31.064624	103.090464	29278.0						2018-01-25T18:31	25	1	2018	9087131	2433399	HUMAN_OBSERVATION	iNaturalist	Observations	180754867		鐦鍆錒	2023-08-29T14:51:34	CC_BY_NC_4_0	Royle Safaris	Royle Safaris			2025-11-10T23:03:35.453Z	StillImage	COORDINATE_ROUNDED;CONTINENT_DERIVED_FROM_COORDINATES;TAXON_ID_NOT_FOUND
4405551532	50c9509d-22c7-4a22-a47d-8c48425ef4a7	https://www.inaturalist.org/observations/180754866	Animalia	Chordata	Mammalia	Carnivora	Ursidae	Ailuropoda	Ailuropoda melanoleuca	melanoleuca	SUBSPECIES	Ailuropoda melanoleuca melanoleuca	Ailuropoda melanoleuca melanoleuca		CN		Sichuan	PRESENT		28eb1a3f-1c15-4a95-931a-4af90ecb574d	31.086914	103.134955	29278.0						2018-01-31T09:58	31	1	2018	9087131	2433399	HUMAN_OBSERVATION	iNaturalist	Observations	180754866		鐦鍆錒	2023-08-29T14:51:16	CC_BY_NC_4_0	Royle Safaris	Royle Safaris			2025-11-10T23:03:29.181Z	StillImage	COORDINATE_ROUNDED;CONTINENT_DERIVED_FROM_COORDINATES;TAXON_ID_NOT_FOUND
4177206133	50c9509d-22c7-4a22-a47d-8c48425ef4a7	https://www.inaturalist.org/observations/177336860	Animalia	Chordata	Mammalia	Carnivora	Ursidae	Ailuropoda	Ailuropoda melanoleuca		SPECIES	Ailuropoda melanoleuca (David, 1869)	Ailuropoda melanoleuca		CN		Sichuan	PRESENT		28eb1a3f-1c15-4a95-931a-4af90ecb574d	32.441571	104.688265	29093.0						2021-05-17T10:36:07	17	5	2021	2433399	2433399	HUMAN_OBSERVATION	iNaturalist	Observations	177336860		yb4wild	2023-08-08T13:18:33	CC_BY_NC_4_0	yb4wild	yb4wild			2025-11-10T21:25:19.088Z	StillImage	COORDINATE_ROUNDED;CONTINENT_DERIVED_FROM_COORDINATES;TAXON_ID_NOT_FOUND
2265884698	50c9509d-22c7-4a22-a47d-8c48425ef4a7	https://www.inaturalist.org/observations/26847009	Animalia	Chordata	Mammalia	Carnivora	Ursidae	Ailuropoda	Ailuropoda melanoleuca		SPECIES	Ailuropoda melanoleuca (David, 1869)	Ailuropoda melanoleuca qinlingensis		CN		Shaanxi	PRESENT		28eb1a3f-1c15-4a95-931a-4af90ecb574d	33.789085	107.873421	28930.0						2009-04-29T07:38	29	4	2009	2433399	2433399	HUMAN_OBSERVATION	iNaturalist	Observations	26847009		HUANG QIN	2021-09-15T06:31:17	CC_BY_4_0	HUANG QIN	HUANG QIN			2025-11-10T22:21:07.454Z		COORDINATE_ROUNDED;CONTINENT_DERIVED_FROM_COORDINATES;TAXON_MATCH_HIGHERRANK;TAXON_ID_NOT_FOUND
2249802008	040c5662-da76-4782-a48e-cdea1892d14c	GBMA21159-19	Animalia	Chordata	Mammalia	Carnivora	Ursidae	Ailuropoda	Ailuropoda melanoleuca		UNRANKED	BOLD:AAE5339	BOLD:AAE5339		CN			PRESENT		b3bf3a83-1f68-4541-a03f-330d30d567f5	38.073254	104.69114							2015-01-01	1	1	2015	10136860	2433399	MATERIAL_SAMPLE	Mined from GenBank, NCBI						CC_BY_4_0					2025-11-04T15:23:04.126Z		GEODETIC_DATUM_ASSUMED_WGS84;COUNTRY_DERIVED_FROM_COORDINATES;CONTINENT_DERIVED_FROM_COORDINATES;TAXON_CONCEPT_ID_NOT_FOUND;TAXON_ID_NOT_FOUND;INSTITUTION_MATCH_NONE
2249800679	040c5662-da76-4782-a48e-cdea1892d14c	GBMA19957-19	Animalia	Chordata	Mammalia	Carnivora	Ursidae	Ailuropoda	Ailuropoda melanoleuca		UNRANKED	BOLD:AAE5339	BOLD:AAE5339		CN			PRESENT		b3bf3a83-1f68-4541-a03f-330d30d567f5	38.073254	104.69114							2009-11-03	3	11	2009	10136860	2433399	MATERIAL_SAMPLE	Mined from GenBank, NCBI						CC_BY_4_0					2025-11-04T15:24:57.119Z		GEODETIC_DATUM_ASSUMED_WGS84;COUNTRY_DERIVED_FROM_COORDINATES;CONTINENT_DERIVED_FROM_COORDINATES;TAXON_CONCEPT_ID_NOT_FOUND;TAXON_ID_NOT_FOUND;INSTITUTION_MATCH_NONE
2249795626	040c5662-da76-4782-a48e-cdea1892d14c	GBMA14561-17	Animalia	Chordata	Mammalia	Carnivora	Ursidae	Ailuropoda	Ailuropoda melanoleuca		UNRANKED	BOLD:AAE5339	BOLD:AAE5339		CN			PRESENT		b3bf3a83-1f68-4541-a03f-330d30d567f5	38.073254	104.69114											10136860	2433399	MATERIAL_SAMPLE	Mined from GenBank, NCBI		A3				CC_BY_4_0					2025-11-04T15:00:57.162Z		GEODETIC_DATUM_ASSUMED_WGS84;COUNTRY_DERIVED_FROM_COORDINATES;CONTINENT_DERIVED_FROM_COORDINATES;TAXON_CONCEPT_ID_NOT_FOUND;TAXON_ID_NOT_FOUND;INSTITUTION_MATCH_NONE
2249795430	040c5662-da76-4782-a48e-cdea1892d14c	GBMA14560-17	Animalia	Chordata	Mammalia	Carnivora	Ursidae	Ailuropoda	Ailuropoda melanoleuca		UNRANKED	BOLD:AAE5339	BOLD:AAE5339		CN			PRESENT		b3bf3a83-1f68-4541-a03f-330d30d567f5	38.073254	104.69114											10136860	2433399	MATERIAL_SAMPLE	Mined from GenBank, NCBI		XJ1				CC_BY_4_0					2025-11-04T14:58:50.978Z		GEODETIC_DATUM_ASSUMED_WGS84;COUNTRY_DERIVED_FROM_COORDINATES;CONTINENT_DERIVED_FROM_COORDINATES;TAXON_CONCEPT_ID_NOT_FOUND;TAXON_ID_NOT_FOUND;INSTITUTION_MATCH_NONE
2249795139	040c5662-da76-4782-a48e-cdea1892d14c	GBMA14562-17	Animalia	Chordata	Mammalia	Carnivora	Ursidae	Ailuropoda	Ailuropoda melanoleuca		UNRANKED	BOLD:AAE5339	BOLD:AAE5339		CN			PRESENT		b3bf3a83-1f68-4541-a03f-330d30d567f5	38.073254	104.69114											10136860	2433399	MATERIAL_SAMPLE	Mined from GenBank, NCBI		A144				CC_BY_4_0					2025-11-04T15:11:45.069Z		GEODETIC_DATUM_ASSUMED_WGS84;COUNTRY_DERIVED_FROM_COORDINATES;CONTINENT_DERIVED_FROM_COORDINATES;TAXON_CONCEPT_ID_NOT_FOUND;TAXON_ID_NOT_FOUND;INSTITUTION_MATCH_NONE
2248830674	040c5662-da76-4782-a48e-cdea1892d14c	CAR242-11	Animalia	Chordata	Mammalia	Carnivora	Ursidae	Ailuropoda	Ailuropoda melanoleuca		SPECIES	Ailuropoda melanoleuca (David, 1869)	Ailuropoda melanoleuca		US			PRESENT		b3bf3a83-1f68-4541-a03f-330d30d567f5	38.82081	-96.33162											2433399	2433399	MATERIAL_SAMPLE	National Institutes of Health, Laboratory of Genomic Diversity, United States				Eduardo Eizirik		CC_BY_4_0					2025-11-04T15:24:09.367Z		GEODETIC_DATUM_ASSUMED_WGS84;COUNTRY_DERIVED_FROM_COORDINATES;CONTINENT_DERIVED_FROM_COORDINATES;INSTITUTION_MATCH_NONE
1699329117	bb5b30b4-827e-4d5e-a86a-825d65cb6583	pbdb:occ:997977	Animalia	Chordata	Mammalia	Carnivora	Ursidae	Ailuropoda	Ailuropoda melanoleuca		SPECIES	Ailuropoda melanoleuca (David, 1869)	Ailuropoda melanoleuca (David 1869)	(David 1869)	CN	"""Maba town, Qujiang district, Shaoguan city... Lion Rock is composed of two isolated mountains connected through subsurface streams: Lion Head and Lion Tail Mountains. The Maba human remains were found in the cave of Lion Head Mountain"""	Guangdong	PRESENT		b711353c-44d7-4e8b-90c5-16fea0d247e0	24.674168	113.580559		2.778E-4									2433399	2433399	MATERIAL_CITATION	PBDB	120834					CC_BY_NC_4_0		Wu et al.			2025-11-04T20:02:19.242Z		TAXON_CONCEPT_ID_NOT_FOUND;TAXON_ID_NOT_FOUND;INSTITUTION_MATCH_NONE;AGE_OR_STAGE_RANK_MISMATCH
1699268922	bb5b30b4-827e-4d5e-a86a-825d65cb6583	pbdb:occ:936241	Animalia	Chordata	Mammalia	Carnivora	Ursidae	Ailuropoda	Ailuropoda melanoleuca		SPECIES	Ailuropoda melanoleuca (David, 1869)	Ailuropoda melanoleuca (David 1869)	(David 1869)	VN			PRESENT		b711353c-44d7-4e8b-90c5-16fea0d247e0	19.440277	105.040833		2.778E-4									2433399	2433399	MATERIAL_CITATION	PBDB	108001					CC_BY_NC_4_0		Schwartz et al.			2025-11-04T19:42:26.344Z		TAXON_CONCEPT_ID_NOT_FOUND;TAXON_ID_NOT_FOUND;INSTITUTION_MATCH_NONE;AGE_OR_STAGE_RANK_MISMATCH
1699268766	bb5b30b4-827e-4d5e-a86a-825d65cb6583	pbdb:occ:936229	Animalia	Chordata	Mammalia	Carnivora	Ursidae	Ailuropoda	Ailuropoda melanoleuca		SPECIES	Ailuropoda melanoleuca (David, 1869)	Ailuropoda melanoleuca (David 1869)	(David 1869)	VN			PRESENT		b711353c-44d7-4e8b-90c5-16fea0d247e0	22.045834	105.999725		2.778E-4									2433399	2433399	MATERIAL_CITATION	PBDB	107996					CC_BY_NC_4_0		Schwartz et al.			2025-11-04T19:51:46.777Z		TAXON_CONCEPT_ID_NOT_FOUND;TAXON_ID_NOT_FOUND;INSTITUTION_MATCH_NONE
1698836267	bb5b30b4-827e-4d5e-a86a-825d65cb6583	pbdb:occ:836038	Animalia	Chordata	Mammalia	Carnivora	Ursidae	Ailuropoda	Ailuropoda melanoleuca		SPECIES	Ailuropoda melanoleuca (David, 1869)	Ailuropoda melanoleuca (David 1869)	(David 1869)	CN	"""About 50 m in front of the site is the Dashui River, a branch of the Hangjiang River. The entrance... is about 7.8 m above the current river level. Huanglong Cave extends more than 400 m... five regions were mapped, and four... were excavated... All of the human fossils and most of the animal fossils were excavated from Region 1. A few animal fossils were found in Region 2... Region 1 [is] about 50 m2"""	Hubei	PRESENT		b711353c-44d7-4e8b-90c5-16fea0d247e0	33.134167	110.217781		2.778E-4									2433399	2433399	MATERIAL_CITATION	PBDB	92787					CC_BY_NC_4_0		Liu et al.			2025-11-04T20:04:23.096Z		TAXON_CONCEPT_ID_NOT_FOUND;TAXON_ID_NOT_FOUND;INSTITUTION_MATCH_NONE
1698835955	bb5b30b4-827e-4d5e-a86a-825d65cb6583	pbdb:occ:835708	Animalia	Chordata	Mammalia	Carnivora	Ursidae	Ailuropoda	Ailuropoda melanoleuca		SPECIES	Ailuropoda melanoleuca (David, 1869)	Ailuropoda melanoleuca (David 1869)	(David 1869)	VN	"""the cave of Tham Khuyen... on the border of a stream valley... approximately 7 km SE of Binh Gia, Lang Son Province... The entrance... lies about 200 m west of Route 1b... and about 20 m above the valley floor"" (coordinate based on Binh Gia)"	Lang Son	PRESENT		b711353c-44d7-4e8b-90c5-16fea0d247e0	21.950001	106.366669		0.0166667									2433399	2433399	MATERIAL_CITATION	PBDB	92781					CC_BY_NC_4_0		Schwartz et al.;T. K. Le, V. B. Tran			2025-11-04T19:52:30.570Z		TAXON_CONCEPT_ID_NOT_FOUND;TAXON_ID_NOT_FOUND;INSTITUTION_MATCH_NONE;AGE_OR_STAGE_RANK_MISMATCH
1698509093	bb5b30b4-827e-4d5e-a86a-825d65cb6583	pbdb:occ:502575	Animalia	Chordata	Mammalia	Carnivora	Ursidae	Ailuropoda	Ailuropoda melanoleuca		SPECIES	Ailuropoda melanoleuca (David, 1869)	Ailuropoda melanoleuca (David 1869)	(David 1869)	CN	Panxian Dadong is located in Panxian District, Liupanshui City, Guizhou Province. On the western side of the Guizhou Plateau.	Guizhou	PRESENT		b711353c-44d7-4e8b-90c5-16fea0d247e0	25.627222	104.73333		2.778E-4									2433399	2433399	MATERIAL_CITATION	PBDB	51100					CC_BY_NC_4_0		Huang et al.			2025-11-04T19:38:25.172Z		TAXON_CONCEPT_ID_NOT_FOUND;TAXON_ID_NOT_FOUND;INSTITUTION_MATCH_NONE;AGE_OR_STAGE_RANK_MISMATCH
1698347830	bb5b30b4-827e-4d5e-a86a-825d65cb6583	pbdb:occ:402766	Animalia	Chordata	Mammalia	Carnivora	Ursidae	Ailuropoda	Ailuropoda melanoleuca		SPECIES	Ailuropoda melanoleuca (David, 1869)	Ailuropoda melanoleuca (David 1869)	(David 1869)	CN	China, Guangxi Zhuangzu Autonomous Region, Wuming County, Ganwei (or: Ganxu, both spellings are possible) commune, Bulali Mountain. The cave is located halfway to the top of the mountain on the Southeastern side.	Guangxi	PRESENT		b711353c-44d7-4e8b-90c5-16fea0d247e0	23.17	108.279999		0.01									2433399	2433399	MATERIAL_CITATION	PBDB	38649					CC_BY_NC_4_0		Zhang et al.			2025-11-04T19:33:26.942Z		TAXON_CONCEPT_ID_NOT_FOUND;TAXON_ID_NOT_FOUND;INSTITUTION_MATCH_NONE;AGE_OR_STAGE_RANK_MISMATCH
1698330569	bb5b30b4-827e-4d5e-a86a-825d65cb6583	pbdb:occ:386514	Animalia	Chordata	Mammalia	Carnivora	Ursidae	Ailuropoda	Ailuropoda melanoleuca		SPECIES	Ailuropoda melanoleuca (David, 1869)	Ailuropoda melanoleuca (David 1869)	(David 1869)	CN	There are a lot of Tongshan (copper mountains) in Anhui province, and in the article there is no specific city or county mentioned, so the coordinates I took are without any certainty; an other possibility is: 30°27'21''N and 117°16'38''E, but I prefere the first one, because it is nearer to the Changjiang river. But maybe it is another Tongshan... Describtion from the text:  China, Anhui province, Wannan prefecture (Wannan means southern Anhui), Tongshan (copper mountain); Tongshan is about 15 km to the south of Changjiang (Yangzekiang) river; the fossil locality of Tongshan is a cave near the northern wall of a cement factory.	Anhui	PRESENT		b711353c-44d7-4e8b-90c5-16fea0d247e0	31.683332	118.866669		2.778E-4									2433399	2433399	MATERIAL_CITATION	PBDB	36868					CC_BY_NC_4_0		Ye and Yan			2025-11-04T19:56:45.433Z		TAXON_CONCEPT_ID_NOT_FOUND;TAXON_ID_NOT_FOUND;INSTITUTION_MATCH_NONE;AGE_OR_STAGE_RANK_MISMATCH
1698330070	bb5b30b4-827e-4d5e-a86a-825d65cb6583	pbdb:occ:386024	Animalia	Chordata	Mammalia	Carnivora	Ursidae	Ailuropoda	Ailuropoda melanoleuca		SPECIES	Ailuropoda wulingshanensis (Wang et al., 1982)	Ailuropoda wulingshanensis (Wang et al. 1982)	(Wang et al. 1982)	CN	Coordinates based on Baojing city. China, Hunan province, Baojing county, Wuling mountain range, Longxi commune, Yaoba brigade, a cave in Dongpaoshan (mountain); from Baojing city about seven km in NNE direction; the cave is located in a distance of more than 500 m from the Xishui river, which is tributary to Yuanjiang river; the public road from Baojing to Yongshun leads along the southeastern side of Dongpaoshan mountain; the fossils' cave is situated half way to the top of the mountain.	Hunan	PRESENT		b711353c-44d7-4e8b-90c5-16fea0d247e0	28.700001	109.669998		0.1									4970093	2433399	MATERIAL_CITATION	PBDB	36819					CC_BY_NC_4_0		Wang et al.			2025-11-04T20:01:26.337Z		TAXON_CONCEPT_ID_NOT_FOUND;TAXON_ID_NOT_FOUND;INSTITUTION_MATCH_NONE;AGE_OR_STAGE_RANK_MISMATCH
1698329704	bb5b30b4-827e-4d5e-a86a-825d65cb6583	pbdb:occ:385580	Animalia	Chordata	Mammalia	Carnivora	Ursidae	Ailuropoda	Ailuropoda melanoleuca		SPECIES	Ailuropoda melanoleuca (David, 1869)	Ailuropoda melanoleuca (David 1869)	(David 1869)	CN	Coordinates are taken from Jishou city. China, Hunan province, Jishou county, Luosixuan cave (the excursionpoint 78036 of the Institute of Vertebrate Palaeontology and Palaeoanthropology); Luosixuan cave is located about 2-3 km to the West of Jishou city. The place is surrounded by mountains and not far away is the Donghe river flowing, which is tributary to the Yuanjiang river.	Hunan	PRESENT		b711353c-44d7-4e8b-90c5-16fea0d247e0	28.316668	109.716667		0.0166667									2433399	2433399	MATERIAL_CITATION	PBDB	36729					CC_BY_NC_4_0		Wang et al.			2025-11-04T19:33:24.934Z		TAXON_CONCEPT_ID_NOT_FOUND;TAXON_ID_NOT_FOUND;INSTITUTION_MATCH_NONE
1698329376	bb5b30b4-827e-4d5e-a86a-825d65cb6583	pbdb:occ:385594	Animalia	Chordata	Mammalia	Carnivora	Ursidae	Ailuropoda	Ailuropoda melanoleuca		SPECIES	Ailuropoda melanoleuca (David, 1869)	Ailuropoda melanoleuca (David 1869)	(David 1869)	CN	Coordinates are taken from Jishou city. China, Hunan province, Jishou county, Luosixuan cave (the excursionpoint 78036 of the Institute of Vertebrate Palaeontology and Palaeoanthropology); Luosixuan cave is located about 2-3 km to the West of Jishou city. The place is surrounded by mountains and not far away is the Donghe river flowing, which is tributary to the Yuanjiang river.	Hunan	PRESENT		b711353c-44d7-4e8b-90c5-16fea0d247e0	28.316668	109.716667		0.0166667									2433399	2433399	MATERIAL_CITATION	PBDB	36730					CC_BY_NC_4_0		Wang et al.			2025-11-04T19:33:25.472Z		TAXON_CONCEPT_ID_NOT_FOUND;TAXON_ID_NOT_FOUND;INSTITUTION_MATCH_NONE
1698074230	bb5b30b4-827e-4d5e-a86a-825d65cb6583	pbdb:occ:150069	Animalia	Chordata	Mammalia	Carnivora	Ursidae	Ailuropoda	Ailuropoda melanoleuca		SPECIES	Ailuropoda melanoleuca (David, 1869)	Ailuropoda melanoleuca (David 1869)	(David 1869)	CN	Xiashan Cave, Xiashan River Valley, at the western side of Dayunwu Mountain, 4 km from the Capital of Pingtang District (Southwest of Luoding). Lat long is for Luoding.	Guangdong	PRESENT		b711353c-44d7-4e8b-90c5-16fea0d247e0	22.766666	111.566666		0.0166667									2433399	2433399	MATERIAL_CITATION	PBDB	13293					CC_BY_NC_4_0		Huang et al.			2025-11-04T19:49:11.660Z		TAXON_CONCEPT_ID_NOT_FOUND;TAXON_ID_NOT_FOUND;INSTITUTION_MATCH_NONE;AGE_OR_STAGE_RANK_MISMATCH
1325912341	04169fce-7d4f-41f7-9dff-245960f5b59e	urn:catalog:SUI:VERT:29013	Animalia	Chordata	Mammalia	Carnivora	Ursidae	Ailuropoda	Ailuropoda melanoleuca		SPECIES	Ailuropoda melanoleuca (David, 1869)	Ailuropoda melanoleuca		CN	Chengtu	Szechuan	PRESENT		b0fdc0ef-a1c2-4ba9-a567-5c65dd742269	30.62282	104.0736	44514.0										2433399	2433399	PRESERVED_SPECIMEN	SUI	VERT	29013				CC0_1_0		Peterson, Dr. Robert A.			2025-11-05T01:34:25.163Z		
1211829930	bb109a7a-6c5a-4cad-a1b9-b750016e9d82	2D9E0C64D2E02	Animalia	Chordata	Mammalia	Carnivora	Ursidae	Ailuropoda	Ailuropoda melanoleuca		SPECIES	Ailuropoda melanoleuca (David, 1869)			CN	Weichow; Weichow Tao Island, West Szechwan, West China	Guangxi	PRESENT	1	ff418020-1d67-11d9-8435-b8a03c50a862	21.041133	109.111142							1931			1931	2433399	2433399	PRESERVED_SPECIMEN	ROM	ROMM	ROMM3310300016				CC_BY_4_0	Royal Ontario Museum	Kilborn, LG			2025-11-05T04:13:41.157Z		CONTINENT_DERIVED_FROM_COORDINATES;OCCURRENCE_STATUS_INFERRED_FROM_INDIVIDUAL_COUNT
1211829921	bb109a7a-6c5a-4cad-a1b9-b750016e9d82	74F5B18F5DBB2	Animalia	Chordata	Mammalia	Carnivora	Ursidae	Ailuropoda	Ailuropoda melanoleuca		SPECIES	Ailuropoda melanoleuca (David, 1869)			CN	Weichow; Weichow Tao Island, West Szechwan, West China	Guangxi	PRESENT	1	ff418020-1d67-11d9-8435-b8a03c50a862	21.041133	109.111142							1931			1931	2433399	2433399	PRESERVED_SPECIMEN	ROM	ROMM	ROMM3310300015				CC_BY_4_0	Royal Ontario Museum	Kilborn, LG			2025-11-05T04:13:41.577Z		CONTINENT_DERIVED_FROM_COORDINATES;OCCURRENCE_STATUS_INFERRED_FROM_INDIVIDUAL_COUNT
1211829919	bb109a7a-6c5a-4cad-a1b9-b750016e9d82	CB842EFC8B8E2	Animalia	Chordata	Mammalia	Carnivora	Ursidae	Ailuropoda	Ailuropoda melanoleuca		SPECIES	Ailuropoda melanoleuca (David, 1869)			CN	Weichow; Weichow Tao Island, West Szechwan, West China	Guangxi	PRESENT	1	ff418020-1d67-11d9-8435-b8a03c50a862	21.041133	109.111142							1931			1931	2433399	2433399	PRESERVED_SPECIMEN	ROM	ROMM	ROMM3310300014				CC_BY_4_0	Royal Ontario Museum	Kilborn, LG			2025-11-05T04:13:41.529Z		CONTINENT_DERIVED_FROM_COORDINATES;OCCURRENCE_STATUS_INFERRED_FROM_INDIVIDUAL_COUNT
1211781455	bb109a7a-6c5a-4cad-a1b9-b750016e9d82	CEF7B755BA632	Animalia	Chordata	Mammalia	Carnivora	Ursidae	Ailuropoda	Ailuropoda melanoleuca		SPECIES	Ailuropoda melanoleuca (David, 1869)			CN	Weichow; Weichow Tao Island, West Szechwan, West China	Guangxi	PRESENT	1	ff418020-1d67-11d9-8435-b8a03c50a862	21.041133	109.111142							1931			1931	2433399	2433399	PRESERVED_SPECIMEN	ROM	ROMM	ROMM3310300017				CC_BY_4_0	Royal Ontario Museum	Kilborn, LG			2025-11-05T04:13:39.322Z		CONTINENT_DERIVED_FROM_COORDINATES;OCCURRENCE_STATUS_INFERRED_FROM_INDIVIDUAL_COUNT
